{
  "$schema": "https://schema.management.azure.com/schemas/2019-04-01/deploymentTemplate.json#",
  "languageVersion": "2.0",
  "contentVersion": "1.0.0.0",
  "metadata": {
    "_generator": {
      "name": "bicep",
      "version": "0.23.1.45101",
      "templateHash": "8940174354642715236"
    },
    "name": "Event Hub Namespace Event Hubs",
    "description": "This module deploys an Event Hub Namespace Event Hub.",
    "owner": "Azure/module-maintainers"
  },
  "definitions": {
    "lockType": {
      "type": "object",
      "properties": {
        "name": {
          "type": "string",
          "nullable": true,
          "metadata": {
            "description": "Optional. Specify the name of lock."
          }
        },
        "kind": {
          "type": "string",
          "allowedValues": [
            "CanNotDelete",
            "None",
            "ReadOnly"
          ],
          "nullable": true,
          "metadata": {
            "description": "Optional. Specify the type of lock."
          }
        }
      },
      "nullable": true
    },
    "roleAssignmentType": {
      "type": "array",
      "items": {
        "type": "object",
        "properties": {
          "roleDefinitionIdOrName": {
            "type": "string",
            "metadata": {
              "description": "Required. The role to assign. You can provide either the display name of the role definition, the role definition GUID, or its fully qualified ID in the following format: '/providers/Microsoft.Authorization/roleDefinitions/c2f4ef07-c644-48eb-af81-4b1b4947fb11'."
            }
          },
          "principalId": {
            "type": "string",
            "metadata": {
              "description": "Required. The principal ID of the principal (user/group/identity) to assign the role to."
            }
          },
          "principalType": {
            "type": "string",
            "allowedValues": [
              "Device",
              "ForeignGroup",
              "Group",
              "ServicePrincipal",
              "User"
            ],
            "nullable": true,
            "metadata": {
              "description": "Optional. The principal type of the assigned principal ID."
            }
          },
          "description": {
            "type": "string",
            "nullable": true,
            "metadata": {
              "description": "Optional. The description of the role assignment."
            }
          },
          "condition": {
            "type": "string",
            "nullable": true,
            "metadata": {
              "description": "Optional. The conditions on the role assignment. This limits the resources it can be assigned to. e.g.: @Resource[Microsoft.Storage/storageAccounts/blobServices/containers:ContainerName] StringEqualsIgnoreCase \"foo_storage_container\""
            }
          },
          "conditionVersion": {
            "type": "string",
            "allowedValues": [
              "2.0"
            ],
            "nullable": true,
            "metadata": {
              "description": "Optional. Version of the condition."
            }
          },
          "delegatedManagedIdentityResourceId": {
            "type": "string",
            "nullable": true,
            "metadata": {
              "description": "Optional. The Resource Id of the delegated managed identity resource."
            }
          }
        }
      },
      "nullable": true
    }
  },
  "parameters": {
    "namespaceName": {
      "type": "string",
      "metadata": {
        "description": "Conditional. The name of the parent event hub namespace. Required if the template is used in a standalone deployment."
      }
    },
    "name": {
      "type": "string",
      "metadata": {
        "description": "Required. The name of the event hub."
      }
    },
    "authorizationRules": {
      "type": "array",
      "defaultValue": [
        {
          "name": "RootManageSharedAccessKey",
          "rights": [
            "Listen",
            "Manage",
            "Send"
          ]
        }
      ],
      "metadata": {
        "description": "Optional. Authorization Rules for the event hub."
      }
    },
    "messageRetentionInDays": {
      "type": "int",
      "defaultValue": 1,
      "minValue": 1,
      "maxValue": 7,
      "metadata": {
        "description": "Optional. Number of days to retain the events for this Event Hub, value should be 1 to 7 days. Will be automatically set to infinite retention if cleanup policy is set to \"Compact\"."
      }
    },
    "partitionCount": {
      "type": "int",
      "defaultValue": 2,
      "minValue": 1,
      "maxValue": 32,
      "metadata": {
        "description": "Optional. Number of partitions created for the Event Hub, allowed values are from 1 to 32 partitions."
      }
    },
    "status": {
      "type": "string",
      "defaultValue": "Active",
      "allowedValues": [
        "Active",
        "Creating",
        "Deleting",
        "Disabled",
        "ReceiveDisabled",
        "Renaming",
        "Restoring",
        "SendDisabled",
        "Unknown"
      ],
      "metadata": {
        "description": "Optional. Enumerates the possible values for the status of the Event Hub."
      }
    },
    "consumergroups": {
      "type": "array",
      "defaultValue": [
        {
          "name": "$Default"
        }
      ],
      "metadata": {
        "description": "Optional. The consumer groups to create in this event hub instance."
      }
    },
    "lock": {
      "$ref": "#/definitions/lockType",
      "metadata": {
        "description": "Optional. The lock settings of the service."
      }
    },
    "roleAssignments": {
      "$ref": "#/definitions/roleAssignmentType",
      "metadata": {
        "description": "Optional. Array of role assignments to create."
      }
    },
    "captureDescriptionDestinationName": {
      "type": "string",
      "defaultValue": "EventHubArchive.AzureBlockBlob",
      "metadata": {
        "description": "Optional. Name for capture destination."
      }
    },
    "captureDescriptionDestinationArchiveNameFormat": {
      "type": "string",
      "defaultValue": "{Namespace}/{EventHub}/{PartitionId}/{Year}/{Month}/{Day}/{Hour}/{Minute}/{Second}",
      "metadata": {
        "description": "Optional. Blob naming convention for archive, e.g. {Namespace}/{EventHub}/{PartitionId}/{Year}/{Month}/{Day}/{Hour}/{Minute}/{Second}. Here all the parameters (Namespace,EventHub .. etc) are mandatory irrespective of order."
      }
    },
    "captureDescriptionDestinationBlobContainer": {
      "type": "string",
      "defaultValue": "",
      "metadata": {
        "description": "Optional. Blob container Name."
      }
    },
    "captureDescriptionDestinationStorageAccountResourceId": {
      "type": "string",
      "defaultValue": "",
      "metadata": {
        "description": "Optional. Resource ID of the storage account to be used to create the blobs."
      }
    },
    "captureDescriptionEnabled": {
      "type": "bool",
      "defaultValue": false,
      "metadata": {
        "description": "Optional. A value that indicates whether capture description is enabled."
      }
    },
    "captureDescriptionEncoding": {
      "type": "string",
      "defaultValue": "Avro",
      "allowedValues": [
        "Avro",
        "AvroDeflate"
      ],
      "metadata": {
        "description": "Optional. Enumerates the possible values for the encoding format of capture description. Note: \"AvroDeflate\" will be deprecated in New API Version."
      }
    },
    "captureDescriptionIntervalInSeconds": {
      "type": "int",
      "defaultValue": 300,
      "minValue": 60,
      "maxValue": 900,
      "metadata": {
        "description": "Optional. The time window allows you to set the frequency with which the capture to Azure Blobs will happen."
      }
    },
    "captureDescriptionSizeLimitInBytes": {
      "type": "int",
      "defaultValue": 314572800,
      "minValue": 10485760,
      "maxValue": 524288000,
      "metadata": {
        "description": "Optional. The size window defines the amount of data built up in your Event Hub before an capture operation."
      }
    },
    "captureDescriptionSkipEmptyArchives": {
      "type": "bool",
      "defaultValue": false,
      "metadata": {
        "description": "Optional. A value that indicates whether to Skip Empty Archives."
      }
    },
    "retentionDescriptionCleanupPolicy": {
      "type": "string",
      "defaultValue": "Delete",
      "allowedValues": [
        "Compact",
        "Delete"
      ],
      "metadata": {
        "description": "Optional. Retention cleanup policy. Enumerates the possible values for cleanup policy."
      }
    },
    "retentionDescriptionRetentionTimeInHours": {
      "type": "int",
      "defaultValue": 1,
      "minValue": 1,
      "maxValue": 168,
      "metadata": {
        "description": "Optional. Retention time in hours. Number of hours to retain the events for this Event Hub. This value is only used when cleanupPolicy is Delete. If cleanupPolicy is Compact the returned value of this property is Long.MaxValue."
      }
    },
    "retentionDescriptionTombstoneRetentionTimeInHours": {
      "type": "int",
      "defaultValue": 1,
      "minValue": 1,
      "maxValue": 168,
      "metadata": {
        "description": "Optional. Retention cleanup policy. Number of hours to retain the tombstone markers of a compacted Event Hub. This value is only used when cleanupPolicy is Compact. Consumer must complete reading the tombstone marker within this specified amount of time if consumer begins from starting offset to ensure they get a valid snapshot for the specific key described by the tombstone marker within the compacted Event Hub."
      }
    },
    "enableDefaultTelemetry": {
      "type": "bool",
      "defaultValue": true,
      "metadata": {
        "description": "Optional. Enable telemetry via a Globally Unique Identifier (GUID)."
      }
    }
  },
  "variables": {
    "enableReferencedModulesTelemetry": false,
    "eventHubProperties": {
      "messageRetentionInDays": "[parameters('messageRetentionInDays')]",
      "partitionCount": "[parameters('partitionCount')]",
      "status": "[parameters('status')]",
      "retentionDescription": {
        "cleanupPolicy": "[parameters('retentionDescriptionCleanupPolicy')]",
        "retentionTimeInHours": "[if(equals(parameters('retentionDescriptionCleanupPolicy'), 'Delete'), parameters('retentionDescriptionRetentionTimeInHours'), null())]",
        "tombstoneRetentionTimeInHours": "[if(equals(parameters('retentionDescriptionCleanupPolicy'), 'Compact'), parameters('retentionDescriptionTombstoneRetentionTimeInHours'), null())]"
      }
    },
    "eventHubPropertiesCapture": {
      "captureDescription": {
        "destination": {
          "name": "[parameters('captureDescriptionDestinationName')]",
          "properties": {
            "archiveNameFormat": "[parameters('captureDescriptionDestinationArchiveNameFormat')]",
            "blobContainer": "[parameters('captureDescriptionDestinationBlobContainer')]",
            "storageAccountResourceId": "[parameters('captureDescriptionDestinationStorageAccountResourceId')]"
          }
        },
        "enabled": "[parameters('captureDescriptionEnabled')]",
        "encoding": "[parameters('captureDescriptionEncoding')]",
        "intervalInSeconds": "[parameters('captureDescriptionIntervalInSeconds')]",
        "sizeLimitInBytes": "[parameters('captureDescriptionSizeLimitInBytes')]",
        "skipEmptyArchives": "[parameters('captureDescriptionSkipEmptyArchives')]"
      }
    },
    "builtInRoleNames": {
      "Azure Event Hubs Data Owner": "[subscriptionResourceId('Microsoft.Authorization/roleDefinitions', 'f526a384-b230-433a-b45c-95f59c4a2dec')]",
      "Azure Event Hubs Data Receiver": "[subscriptionResourceId('Microsoft.Authorization/roleDefinitions', 'a638d3c7-ab3a-418d-83e6-5f17a39d4fde')]",
      "Azure Event Hubs Data Sender": "[subscriptionResourceId('Microsoft.Authorization/roleDefinitions', '2b629674-e913-4c01-ae53-ef4638d8f975')]",
      "Contributor": "[subscriptionResourceId('Microsoft.Authorization/roleDefinitions', 'b24988ac-6180-42a0-ab88-20f7382dd24c')]",
      "Owner": "[subscriptionResourceId('Microsoft.Authorization/roleDefinitions', '8e3af657-a8ff-443c-a75c-2fe8c4bcb635')]",
      "Reader": "[subscriptionResourceId('Microsoft.Authorization/roleDefinitions', 'acdd72a7-3385-48ef-bd42-f606fba81ae7')]",
      "Role Based Access Control Administrator (Preview)": "[subscriptionResourceId('Microsoft.Authorization/roleDefinitions', 'f58310d9-a9f6-439a-9e8d-f62e7b41a168')]",
      "User Access Administrator": "[subscriptionResourceId('Microsoft.Authorization/roleDefinitions', '18d7d88d-d35e-4fb5-a5c3-7773c20a72d9')]"
    }
  },
  "resources": {
    "defaultTelemetry": {
      "condition": "[parameters('enableDefaultTelemetry')]",
      "type": "Microsoft.Resources/deployments",
      "apiVersion": "2021-04-01",
      "name": "[format('pid-47ed15a6-730a-4827-bcb4-0fd963ffbd82-{0}', uniqueString(deployment().name))]",
      "properties": {
        "mode": "Incremental",
        "template": {
          "$schema": "https://schema.management.azure.com/schemas/2019-04-01/deploymentTemplate.json#",
          "contentVersion": "1.0.0.0",
          "resources": []
        }
      }
    },
    "namespace": {
      "existing": true,
      "type": "Microsoft.EventHub/namespaces",
      "apiVersion": "2022-10-01-preview",
      "name": "[parameters('namespaceName')]"
    },
    "eventHub": {
      "type": "Microsoft.EventHub/namespaces/eventhubs",
      "apiVersion": "2022-10-01-preview",
      "name": "[format('{0}/{1}', parameters('namespaceName'), parameters('name'))]",
      "properties": "[if(parameters('captureDescriptionEnabled'), union(variables('eventHubProperties'), variables('eventHubPropertiesCapture')), variables('eventHubProperties'))]",
      "dependsOn": [
        "namespace"
      ]
    },
    "eventHub_lock": {
      "condition": "[and(not(empty(coalesce(parameters('lock'), createObject()))), not(equals(tryGet(parameters('lock'), 'kind'), 'None')))]",
      "type": "Microsoft.Authorization/locks",
      "apiVersion": "2020-05-01",
      "scope": "[format('Microsoft.EventHub/namespaces/{0}/eventhubs/{1}', parameters('namespaceName'), parameters('name'))]",
      "name": "[coalesce(tryGet(parameters('lock'), 'name'), format('lock-{0}', parameters('name')))]",
      "properties": {
        "level": "[coalesce(tryGet(parameters('lock'), 'kind'), '')]",
        "notes": "[if(equals(tryGet(parameters('lock'), 'kind'), 'CanNotDelete'), 'Cannot delete resource or child resources.', 'Cannot delete or modify the resource or child resources.')]"
      },
      "dependsOn": [
        "eventHub"
      ]
    },
    "eventHub_roleAssignments": {
      "copy": {
        "name": "eventHub_roleAssignments",
        "count": "[length(coalesce(parameters('roleAssignments'), createArray()))]"
      },
      "type": "Microsoft.Authorization/roleAssignments",
      "apiVersion": "2022-04-01",
      "scope": "[format('Microsoft.EventHub/namespaces/{0}/eventhubs/{1}', parameters('namespaceName'), parameters('name'))]",
      "name": "[guid(resourceId('Microsoft.EventHub/namespaces/eventhubs', parameters('namespaceName'), parameters('name')), coalesce(parameters('roleAssignments'), createArray())[copyIndex()].principalId, coalesce(parameters('roleAssignments'), createArray())[copyIndex()].roleDefinitionIdOrName)]",
      "properties": {
        "roleDefinitionId": "[if(contains(variables('builtInRoleNames'), coalesce(parameters('roleAssignments'), createArray())[copyIndex()].roleDefinitionIdOrName), variables('builtInRoleNames')[coalesce(parameters('roleAssignments'), createArray())[copyIndex()].roleDefinitionIdOrName], if(contains(coalesce(parameters('roleAssignments'), createArray())[copyIndex()].roleDefinitionIdOrName, '/providers/Microsoft.Authorization/roleDefinitions/'), coalesce(parameters('roleAssignments'), createArray())[copyIndex()].roleDefinitionIdOrName, subscriptionResourceId('Microsoft.Authorization/roleDefinitions', coalesce(parameters('roleAssignments'), createArray())[copyIndex()].roleDefinitionIdOrName)))]",
        "principalId": "[coalesce(parameters('roleAssignments'), createArray())[copyIndex()].principalId]",
        "description": "[tryGet(coalesce(parameters('roleAssignments'), createArray())[copyIndex()], 'description')]",
        "principalType": "[tryGet(coalesce(parameters('roleAssignments'), createArray())[copyIndex()], 'principalType')]",
        "condition": "[tryGet(coalesce(parameters('roleAssignments'), createArray())[copyIndex()], 'condition')]",
        "conditionVersion": "[if(not(empty(tryGet(coalesce(parameters('roleAssignments'), createArray())[copyIndex()], 'condition'))), coalesce(tryGet(coalesce(parameters('roleAssignments'), createArray())[copyIndex()], 'conditionVersion'), '2.0'), null())]",
        "delegatedManagedIdentityResourceId": "[tryGet(coalesce(parameters('roleAssignments'), createArray())[copyIndex()], 'delegatedManagedIdentityResourceId')]"
      },
      "dependsOn": [
        "eventHub"
      ]
    },
    "eventHub_consumergroups": {
      "copy": {
        "name": "eventHub_consumergroups",
        "count": "[length(parameters('consumergroups'))]"
      },
      "type": "Microsoft.Resources/deployments",
      "apiVersion": "2022-09-01",
      "name": "[format('{0}-ConsumerGroup-{1}', deployment().name, copyIndex())]",
      "properties": {
        "expressionEvaluationOptions": {
          "scope": "inner"
        },
        "mode": "Incremental",
        "parameters": {
          "namespaceName": {
            "value": "[parameters('namespaceName')]"
          },
          "eventHubName": {
            "value": "[parameters('name')]"
          },
          "name": {
            "value": "[parameters('consumergroups')[copyIndex()].name]"
          },
          "userMetadata": "[if(contains(parameters('consumergroups')[copyIndex()], 'userMetadata'), createObject('value', parameters('consumergroups')[copyIndex()].userMetadata), createObject('value', ''))]",
          "enableDefaultTelemetry": {
            "value": "[variables('enableReferencedModulesTelemetry')]"
          }
        },
        "template": {
          "$schema": "https://schema.management.azure.com/schemas/2019-04-01/deploymentTemplate.json#",
          "contentVersion": "1.0.0.0",
          "metadata": {
            "_generator": {
              "name": "bicep",
              "version": "0.23.1.45101",
              "templateHash": "7142673381100704232"
            },
            "name": "Event Hub Namespace Event Hub Consumer Groups",
            "description": "This module deploys an Event Hub Namespace Event Hub Consumer Group.",
            "owner": "Azure/module-maintainers"
          },
          "parameters": {
            "namespaceName": {
              "type": "string",
              "metadata": {
                "description": "Conditional. The name of the parent event hub namespace. Required if the template is used in a standalone deployment.s."
              }
            },
            "eventHubName": {
              "type": "string",
              "metadata": {
                "description": "Conditional. The name of the parent event hub namespace event hub. Required if the template is used in a standalone deployment."
              }
            },
            "name": {
              "type": "string",
              "metadata": {
                "description": "Required. The name of the consumer group."
              }
            },
            "userMetadata": {
              "type": "string",
              "defaultValue": "",
              "metadata": {
                "description": "Optional. User Metadata is a placeholder to store user-defined string data with maximum length 1024. e.g. it can be used to store descriptive data, such as list of teams and their contact information also user-defined configuration settings can be stored."
              }
            },
            "enableDefaultTelemetry": {
              "type": "bool",
              "defaultValue": true,
              "metadata": {
                "description": "Optional. Enable telemetry via a Globally Unique Identifier (GUID)."
              }
            }
          },
          "resources": [
            {
              "condition": "[parameters('enableDefaultTelemetry')]",
              "type": "Microsoft.Resources/deployments",
              "apiVersion": "2021-04-01",
              "name": "[format('pid-47ed15a6-730a-4827-bcb4-0fd963ffbd82-{0}', uniqueString(deployment().name))]",
              "properties": {
                "mode": "Incremental",
                "template": {
                  "$schema": "https://schema.management.azure.com/schemas/2019-04-01/deploymentTemplate.json#",
                  "contentVersion": "1.0.0.0",
                  "resources": []
                }
              }
            },
            {
              "type": "Microsoft.EventHub/namespaces/eventhubs/consumergroups",
              "apiVersion": "2022-10-01-preview",
              "name": "[format('{0}/{1}/{2}', parameters('namespaceName'), parameters('eventHubName'), parameters('name'))]",
              "properties": {
                "userMetadata": "[if(not(empty(parameters('userMetadata'))), parameters('userMetadata'), null())]"
              }
            }
          ],
          "outputs": {
            "name": {
              "type": "string",
              "metadata": {
                "description": "The name of the consumer group."
              },
              "value": "[parameters('name')]"
            },
            "resourceId": {
              "type": "string",
              "metadata": {
                "description": "The resource ID of the consumer group."
              },
              "value": "[resourceId('Microsoft.EventHub/namespaces/eventhubs/consumergroups', parameters('namespaceName'), parameters('eventHubName'), parameters('name'))]"
            },
            "resourceGroupName": {
              "type": "string",
              "metadata": {
                "description": "The name of the resource group the consumer group was created in."
              },
              "value": "[resourceGroup().name]"
            }
          }
        }
      },
      "dependsOn": [
        "eventHub"
      ]
    },
    "eventHub_authorizationRules": {
      "copy": {
        "name": "eventHub_authorizationRules",
        "count": "[length(parameters('authorizationRules'))]"
      },
      "type": "Microsoft.Resources/deployments",
      "apiVersion": "2022-09-01",
      "name": "[format('{0}-AuthRule-{1}', deployment().name, copyIndex())]",
      "properties": {
        "expressionEvaluationOptions": {
          "scope": "inner"
        },
        "mode": "Incremental",
        "parameters": {
          "namespaceName": {
            "value": "[parameters('namespaceName')]"
          },
          "eventHubName": {
            "value": "[parameters('name')]"
          },
          "name": {
            "value": "[parameters('authorizationRules')[copyIndex()].name]"
          },
          "rights": "[if(contains(parameters('authorizationRules')[copyIndex()], 'rights'), createObject('value', parameters('authorizationRules')[copyIndex()].rights), createObject('value', createArray()))]",
          "enableDefaultTelemetry": {
            "value": "[variables('enableReferencedModulesTelemetry')]"
          }
        },
        "template": {
          "$schema": "https://schema.management.azure.com/schemas/2019-04-01/deploymentTemplate.json#",
          "contentVersion": "1.0.0.0",
          "metadata": {
            "_generator": {
              "name": "bicep",
              "version": "0.23.1.45101",
              "templateHash": "4935957739850887741"
            },
            "name": "Event Hub Namespace Event Hub Authorization Rules",
            "description": "This module deploys an Event Hub Namespace Event Hub Authorization Rule.",
            "owner": "Azure/module-maintainers"
          },
          "parameters": {
            "namespaceName": {
              "type": "string",
              "metadata": {
                "description": "Conditional. The name of the parent event hub namespace. Required if the template is used in a standalone deployment."
              }
            },
            "eventHubName": {
              "type": "string",
              "metadata": {
                "description": "Conditional. The name of the parent event hub namespace event hub. Required if the template is used in a standalone deployment."
              }
            },
            "name": {
              "type": "string",
              "metadata": {
                "description": "Required. The name of the authorization rule."
              }
            },
            "rights": {
              "type": "array",
              "defaultValue": [],
              "allowedValues": [
                "Listen",
                "Manage",
                "Send"
              ],
              "metadata": {
                "description": "Optional. The rights associated with the rule."
              }
            },
            "enableDefaultTelemetry": {
              "type": "bool",
              "defaultValue": true,
              "metadata": {
                "description": "Optional. Enable telemetry via a Globally Unique Identifier (GUID)."
              }
            }
          },
          "resources": [
            {
              "condition": "[parameters('enableDefaultTelemetry')]",
              "type": "Microsoft.Resources/deployments",
              "apiVersion": "2021-04-01",
              "name": "[format('pid-47ed15a6-730a-4827-bcb4-0fd963ffbd82-{0}', uniqueString(deployment().name))]",
              "properties": {
                "mode": "Incremental",
                "template": {
                  "$schema": "https://schema.management.azure.com/schemas/2019-04-01/deploymentTemplate.json#",
                  "contentVersion": "1.0.0.0",
                  "resources": []
                }
              }
            },
            {
              "type": "Microsoft.EventHub/namespaces/eventhubs/authorizationRules",
              "apiVersion": "2022-10-01-preview",
              "name": "[format('{0}/{1}/{2}', parameters('namespaceName'), parameters('eventHubName'), parameters('name'))]",
              "properties": {
                "rights": "[parameters('rights')]"
              }
            }
          ],
          "outputs": {
            "name": {
              "type": "string",
              "metadata": {
                "description": "The name of the authorization rule."
              },
              "value": "[parameters('name')]"
            },
            "resourceId": {
              "type": "string",
              "metadata": {
                "description": "The resource ID of the authorization rule."
              },
              "value": "[resourceId('Microsoft.EventHub/namespaces/eventhubs/authorizationRules', parameters('namespaceName'), parameters('eventHubName'), parameters('name'))]"
            },
            "resourceGroupName": {
              "type": "string",
              "metadata": {
                "description": "The name of the resource group the authorization rule was created in."
              },
              "value": "[resourceGroup().name]"
            }
          }
        }
      },
      "dependsOn": [
        "eventHub"
      ]
    }
  },
  "outputs": {
    "name": {
      "type": "string",
      "metadata": {
        "description": "The name of the event hub."
      },
      "value": "[parameters('name')]"
    },
    "eventHubId": {
      "type": "string",
      "metadata": {
        "description": "The resource ID of the event hub."
      },
      "value": "[resourceId('Microsoft.EventHub/namespaces/eventhubs', parameters('namespaceName'), parameters('name'))]"
    },
    "resourceGroupName": {
      "type": "string",
      "metadata": {
        "description": "The resource group the event hub was deployed into."
      },
      "value": "[resourceGroup().name]"
    },
    "resourceId": {
      "type": "string",
      "metadata": {
        "description": "The authentication rule resource ID of the event hub."
      },
      "value": "[resourceId('Microsoft.EventHub/namespaces/authorizationRules', parameters('namespaceName'), 'RootManageSharedAccessKey')]"
    }
  }
}