{
  "$schema": "https://schema.management.azure.com/schemas/2019-04-01/deploymentTemplate.json#",
  "languageVersion": "2.0",
  "contentVersion": "1.0.0.0",
  "metadata": {
    "_generator": {
      "name": "bicep",
      "version": "0.23.1.45101",
      "templateHash": "12136628607007085448"
    },
    "name": "Batch Accounts",
    "description": "This module deploys a Batch Account.",
    "owner": "Azure/module-maintainers"
  },
  "definitions": {
    "managedIdentitiesType": {
      "type": "object",
      "properties": {
        "systemAssigned": {
          "type": "bool",
          "nullable": true,
          "metadata": {
            "description": "Optional. Enables system assigned managed identity on the resource."
          }
        },
        "userAssignedResourceIds": {
          "type": "array",
          "items": {
            "type": "string"
          },
          "nullable": true,
          "metadata": {
            "description": "Optional. The resource ID(s) to assign to the resource."
          }
        }
      },
      "nullable": true
    },
    "lockType": {
      "type": "object",
      "properties": {
        "name": {
          "type": "string",
          "nullable": true,
          "metadata": {
            "description": "Optional. Specify the name of lock."
          }
        },
        "kind": {
          "type": "string",
          "allowedValues": [
            "CanNotDelete",
            "None",
            "ReadOnly"
          ],
          "nullable": true,
          "metadata": {
            "description": "Optional. Specify the type of lock."
          }
        }
      },
      "nullable": true
    },
    "roleAssignmentType": {
      "type": "array",
      "items": {
        "type": "object",
        "properties": {
          "roleDefinitionIdOrName": {
            "type": "string",
            "metadata": {
              "description": "Required. The name of the role to assign. If it cannot be found you can specify the role definition ID instead."
            }
          },
          "principalId": {
            "type": "string",
            "metadata": {
              "description": "Required. The principal ID of the principal (user/group/identity) to assign the role to."
            }
          },
          "principalType": {
            "type": "string",
            "allowedValues": [
              "Device",
              "ForeignGroup",
              "Group",
              "ServicePrincipal",
              "User"
            ],
            "nullable": true,
            "metadata": {
              "description": "Optional. The principal type of the assigned principal ID."
            }
          },
          "description": {
            "type": "string",
            "nullable": true,
            "metadata": {
              "description": "Optional. The description of the role assignment."
            }
          },
          "condition": {
            "type": "string",
            "nullable": true,
            "metadata": {
              "description": "Optional. The conditions on the role assignment. This limits the resources it can be assigned to. e.g.: @Resource[Microsoft.Storage/storageAccounts/blobServices/containers:ContainerName] StringEqualsIgnoreCase \"foo_storage_container\""
            }
          },
          "conditionVersion": {
            "type": "string",
            "allowedValues": [
              "2.0"
            ],
            "nullable": true,
            "metadata": {
              "description": "Optional. Version of the condition."
            }
          },
          "delegatedManagedIdentityResourceId": {
            "type": "string",
            "nullable": true,
            "metadata": {
              "description": "Optional. The Resource Id of the delegated managed identity resource."
            }
          }
        }
      },
      "nullable": true
    },
    "privateEndpointType": {
      "type": "array",
      "items": {
        "type": "object",
        "properties": {
          "name": {
            "type": "string",
            "nullable": true,
            "metadata": {
              "description": "Optional. The name of the private endpoint."
            }
          },
          "location": {
            "type": "string",
            "nullable": true,
            "metadata": {
              "description": "Optional. The location to deploy the private endpoint to."
            }
          },
          "service": {
            "type": "string",
            "nullable": true,
            "metadata": {
              "description": "Optional. The service (sub-) type to deploy the private endpoint for. For example \"vault\" or \"blob\"."
            }
          },
          "subnetResourceId": {
            "type": "string",
            "metadata": {
              "description": "Required. Resource ID of the subnet where the endpoint needs to be created."
            }
          },
          "privateDnsZoneGroupName": {
            "type": "string",
            "nullable": true,
            "metadata": {
              "description": "Optional. The name of the private DNS zone group to create if privateDnsZoneResourceIds were provided."
            }
          },
          "privateDnsZoneResourceIds": {
            "type": "array",
            "items": {
              "type": "string"
            },
            "nullable": true,
            "metadata": {
              "description": "Optional. The private DNS zone groups to associate the private endpoint with. A DNS zone group can support up to 5 DNS zones."
            }
          },
          "customDnsConfigs": {
            "type": "array",
            "items": {
              "type": "object",
              "properties": {
                "fqdn": {
                  "type": "string",
                  "nullable": true,
                  "metadata": {
                    "description": "Required. Fqdn that resolves to private endpoint ip address."
                  }
                },
                "ipAddresses": {
                  "type": "array",
                  "items": {
                    "type": "string"
                  },
                  "metadata": {
                    "description": "Required. A list of private ip addresses of the private endpoint."
                  }
                }
              }
            },
            "nullable": true,
            "metadata": {
              "description": "Optional. Custom DNS configurations."
            }
          },
          "ipConfigurations": {
            "type": "array",
            "items": {
              "type": "object",
              "properties": {
                "name": {
                  "type": "string",
                  "metadata": {
                    "description": "Required. The name of the resource that is unique within a resource group."
                  }
                },
                "properties": {
                  "type": "object",
                  "properties": {
                    "groupId": {
                      "type": "string",
                      "metadata": {
                        "description": "Required. The ID of a group obtained from the remote resource that this private endpoint should connect to."
                      }
                    },
                    "memberName": {
                      "type": "string",
                      "metadata": {
                        "description": "Required. The member name of a group obtained from the remote resource that this private endpoint should connect to."
                      }
                    },
                    "privateIPAddress": {
                      "type": "string",
                      "metadata": {
                        "description": "Required. A private ip address obtained from the private endpoint's subnet."
                      }
                    }
                  },
                  "metadata": {
                    "description": "Required. Properties of private endpoint IP configurations."
                  }
                }
              }
            },
            "nullable": true,
            "metadata": {
              "description": "Optional. A list of IP configurations of the private endpoint. This will be used to map to the First Party Service endpoints."
            }
          },
          "applicationSecurityGroupResourceIds": {
            "type": "array",
            "items": {
              "type": "string"
            },
            "nullable": true,
            "metadata": {
              "description": "Optional. Application security groups in which the private endpoint IP configuration is included."
            }
          },
          "customNetworkInterfaceName": {
            "type": "string",
            "nullable": true,
            "metadata": {
              "description": "Optional. The custom name of the network interface attached to the private endpoint."
            }
          },
          "lock": {
            "$ref": "#/definitions/lockType",
            "metadata": {
              "description": "Optional. Specify the type of lock."
            }
          },
          "roleAssignments": {
            "$ref": "#/definitions/roleAssignmentType",
            "metadata": {
              "description": "Optional. Array of role assignment objects that contain the 'roleDefinitionIdOrName' and 'principalId' to define RBAC role assignments on this resource. In the roleDefinitionIdOrName attribute, you can provide either the display name of the role definition, or its fully qualified ID in the following format: '/providers/Microsoft.Authorization/roleDefinitions/c2f4ef07-c644-48eb-af81-4b1b4947fb11'."
            }
          },
          "tags": {
            "type": "object",
            "nullable": true,
            "metadata": {
              "description": "Optional. Tags to be applied on all resources/resource groups in this deployment."
            }
          },
          "manualPrivateLinkServiceConnections": {
            "type": "array",
            "nullable": true,
            "metadata": {
              "description": "Optional. Manual PrivateLink Service Connections."
            }
          },
          "enableTelemetry": {
            "type": "bool",
            "nullable": true,
            "metadata": {
              "description": "Optional. Enable/Disable usage telemetry for module."
            }
          }
        }
      },
      "nullable": true
    },
    "diagnosticSettingType": {
      "type": "array",
      "items": {
        "type": "object",
        "properties": {
          "name": {
            "type": "string",
            "nullable": true,
            "metadata": {
              "description": "Optional. The name of diagnostic setting."
            }
          },
          "logCategoriesAndGroups": {
            "type": "array",
            "items": {
              "type": "object",
              "properties": {
                "category": {
                  "type": "string",
                  "nullable": true,
                  "metadata": {
                    "description": "Optional. Name of a Diagnostic Log category for a resource type this setting is applied to. Set the specific logs to collect here."
                  }
                },
                "categoryGroup": {
                  "type": "string",
                  "nullable": true,
                  "metadata": {
                    "description": "Optional. Name of a Diagnostic Log category group for a resource type this setting is applied to. Set to 'AllLogs' to collect all logs."
                  }
                }
              }
            },
            "nullable": true,
            "metadata": {
              "description": "Optional. The name of logs that will be streamed. \"allLogs\" includes all possible logs for the resource. Set to '' to disable log collection."
            }
          },
          "metricCategories": {
            "type": "array",
            "items": {
              "type": "object",
              "properties": {
                "category": {
                  "type": "string",
                  "metadata": {
                    "description": "Required. Name of a Diagnostic Metric category for a resource type this setting is applied to. Set to 'AllMetrics' to collect all metrics."
                  }
                }
              }
            },
            "nullable": true,
            "metadata": {
              "description": "Optional. The name of logs that will be streamed. \"allLogs\" includes all possible logs for the resource. Set to '' to disable log collection."
            }
          },
          "logAnalyticsDestinationType": {
            "type": "string",
            "allowedValues": [
              "AzureDiagnostics",
              "Dedicated"
            ],
            "nullable": true,
            "metadata": {
              "description": "Optional. A string indicating whether the export to Log Analytics should use the default destination type, i.e. AzureDiagnostics, or use a destination type."
            }
          },
          "workspaceResourceId": {
            "type": "string",
            "nullable": true,
            "metadata": {
              "description": "Optional. Resource ID of the diagnostic log analytics workspace. For security reasons, it is recommended to set diagnostic settings to send data to either storage account, log analytics workspace or event hub."
            }
          },
          "storageAccountResourceId": {
            "type": "string",
            "nullable": true,
            "metadata": {
              "description": "Optional. Resource ID of the diagnostic storage account. For security reasons, it is recommended to set diagnostic settings to send data to either storage account, log analytics workspace or event hub."
            }
          },
          "eventHubAuthorizationRuleResourceId": {
            "type": "string",
            "nullable": true,
            "metadata": {
              "description": "Optional. Resource ID of the diagnostic event hub authorization rule for the Event Hubs namespace in which the event hub should be created or streamed to."
            }
          },
          "eventHubName": {
            "type": "string",
            "nullable": true,
            "metadata": {
              "description": "Optional. Name of the diagnostic event hub within the namespace to which logs are streamed. Without this, an event hub is created for each log category. For security reasons, it is recommended to set diagnostic settings to send data to either storage account, log analytics workspace or event hub."
            }
          },
          "marketplacePartnerResourceId": {
            "type": "string",
            "nullable": true,
            "metadata": {
              "description": "Optional. The full ARM resource ID of the Marketplace resource to which you would like to send Diagnostic Logs."
            }
          }
        }
      },
      "nullable": true
    }
  },
  "parameters": {
    "name": {
      "type": "string",
      "metadata": {
        "description": "Required. Name of the Azure Batch."
      }
    },
    "location": {
      "type": "string",
      "defaultValue": "[resourceGroup().location]",
      "metadata": {
        "description": "Optional. Location for all Resources."
      }
    },
    "managedIdentities": {
      "$ref": "#/definitions/managedIdentitiesType",
      "metadata": {
        "description": "Optional. The managed identity definition for this resource. Only one type of identity is supported: system-assigned or user-assigned, but not both."
      }
    },
    "storageAccountId": {
      "type": "string",
      "metadata": {
        "description": "Required. The resource ID of the storage account to be used for auto-storage account."
      }
    },
    "storageAuthenticationMode": {
      "type": "string",
      "defaultValue": "StorageKeys",
      "allowedValues": [
        "BatchAccountManagedIdentity",
        "StorageKeys"
      ],
      "metadata": {
        "description": "Optional. The authentication mode which the Batch service will use to manage the auto-storage account."
      }
    },
    "storageAccessIdentity": {
      "type": "string",
      "defaultValue": "",
      "metadata": {
        "description": "Optional. The resource ID of a user assigned identity assigned to pools which have compute nodes that need access to auto-storage."
      }
    },
    "poolAllocationMode": {
      "type": "string",
      "defaultValue": "BatchService",
      "allowedValues": [
        "BatchService",
        "UserSubscription"
      ],
      "metadata": {
        "description": "Optional. The allocation mode for creating pools in the Batch account. Determines which quota will be used."
      }
    },
    "keyVaultReferenceResourceId": {
      "type": "string",
      "defaultValue": "",
      "metadata": {
        "description": "Conditional. The key vault to associate with the Batch account. Required if the 'poolAllocationMode' is set to 'UserSubscription' and requires the service principal 'Microsoft Azure Batch' to be granted contributor permissions on this key vault."
      }
    },
    "privateEndpoints": {
      "$ref": "#/definitions/privateEndpointType",
      "metadata": {
        "description": "Optional. Configuration details for private endpoints. For security reasons, it is recommended to use private endpoints whenever possible."
      }
    },
    "publicNetworkAccess": {
      "type": "string",
      "defaultValue": "",
      "allowedValues": [
        "",
        "Enabled",
        "Disabled"
      ],
      "metadata": {
        "description": "Optional. Whether or not public network access is allowed for this resource. For security reasons it should be disabled. If not specified, it will be disabled by default if private endpoints are set and networkProfileAllowedIpRanges are not set."
      }
    },
    "networkProfileDefaultAction": {
      "type": "string",
      "defaultValue": "Deny",
      "allowedValues": [
        "Allow",
        "Deny"
      ],
      "metadata": {
        "description": "Optional. The network profile default action for endpoint access. It is only applicable when publicNetworkAccess is not explicitly disabled."
      }
    },
    "networkProfileAllowedIpRanges": {
      "type": "array",
      "defaultValue": [],
      "metadata": {
        "description": "Optional. Array of IP ranges to filter client IP address. It is only applicable when publicNetworkAccess is not explicitly disabled."
      }
    },
    "diagnosticSettings": {
      "$ref": "#/definitions/diagnosticSettingType",
      "metadata": {
        "description": "Optional. The diagnostic settings of the service."
      }
    },
    "lock": {
      "$ref": "#/definitions/lockType",
      "metadata": {
        "description": "Optional. The lock settings of the service."
      }
    },
    "tags": {
      "type": "object",
      "nullable": true,
      "metadata": {
        "description": "Optional. Tags of the resource."
      }
    },
    "roleAssignments": {
      "$ref": "#/definitions/roleAssignmentType",
      "metadata": {
        "description": "Optional. Array of role assignment objects that contain the 'roleDefinitionIdOrName' and 'principalId' to define RBAC role assignments on this resource. In the roleDefinitionIdOrName attribute, you can provide either the display name of the role definition, or its fully qualified ID in the following format: '/providers/Microsoft.Authorization/roleDefinitions/c2f4ef07-c644-48eb-af81-4b1b4947fb11'."
      }
    },
    "allowedAuthenticationModes": {
      "type": "array",
      "defaultValue": [],
      "allowedValues": [
        "AAD",
        "SharedKey",
        "TaskAuthenticationToken"
      ],
      "metadata": {
        "description": "Optional. List of allowed authentication modes for the Batch account that can be used to authenticate with the data plane."
      }
    },
    "cMKKeyVaultResourceId": {
      "type": "string",
      "defaultValue": "",
      "metadata": {
        "description": "Conditional. The resource ID of a key vault to reference a customer managed key for encryption from. Required if 'cMKKeyName' is not empty."
      }
    },
    "cMKKeyName": {
      "type": "string",
      "defaultValue": "",
      "metadata": {
        "description": "Optional. The name of the customer managed key to use for encryption."
      }
    },
    "cMKKeyVersion": {
      "type": "string",
      "defaultValue": "",
      "metadata": {
        "description": "Optional. The version of the customer managed key to reference for encryption. If not provided, the latest key version is used."
      }
    },
    "enableDefaultTelemetry": {
      "type": "bool",
      "defaultValue": true,
      "metadata": {
        "description": "Optional. Enable telemetry via a Globally Unique Identifier (GUID)."
      }
    }
  },
  "variables": {
    "copy": [
      {
        "name": "networkProfileIpRules",
        "count": "[length(parameters('networkProfileAllowedIpRanges'))]",
        "input": {
          "action": "Allow",
          "value": "[parameters('networkProfileAllowedIpRanges')[copyIndex('networkProfileIpRules')]]"
        }
      }
    ],
    "formattedUserAssignedIdentities": "[reduce(map(coalesce(tryGet(parameters('managedIdentities'), 'userAssignedResourceIds'), createArray()), lambda('id', createObject(format('{0}', lambdaVariables('id')), createObject()))), createObject(), lambda('cur', 'next', union(lambdaVariables('cur'), lambdaVariables('next'))))]",
    "identity": "[if(not(empty(parameters('managedIdentities'))), createObject('type', if(coalesce(tryGet(parameters('managedIdentities'), 'systemAssigned'), false()), 'SystemAssigned', if(not(empty(coalesce(tryGet(parameters('managedIdentities'), 'userAssignedResourceIds'), createObject()))), 'UserAssigned', null())), 'userAssignedIdentities', if(not(empty(variables('formattedUserAssignedIdentities'))), variables('formattedUserAssignedIdentities'), null())), null())]",
    "nodeIdentityReference": "[if(not(empty(parameters('storageAccessIdentity'))), createObject('resourceId', if(not(empty(parameters('storageAccessIdentity'))), parameters('storageAccessIdentity'), null())), null())]",
    "autoStorageConfig": {
      "authenticationMode": "[parameters('storageAuthenticationMode')]",
      "nodeIdentityReference": "[variables('nodeIdentityReference')]",
      "storageAccountId": "[parameters('storageAccountId')]"
    },
    "enableReferencedModulesTelemetry": false,
    "builtInRoleNames": {
      "Contributor": "[subscriptionResourceId('Microsoft.Authorization/roleDefinitions', 'b24988ac-6180-42a0-ab88-20f7382dd24c')]",
      "Owner": "[subscriptionResourceId('Microsoft.Authorization/roleDefinitions', '8e3af657-a8ff-443c-a75c-2fe8c4bcb635')]",
      "Reader": "[subscriptionResourceId('Microsoft.Authorization/roleDefinitions', 'acdd72a7-3385-48ef-bd42-f606fba81ae7')]",
      "Role Based Access Control Administrator (Preview)": "[subscriptionResourceId('Microsoft.Authorization/roleDefinitions', 'f58310d9-a9f6-439a-9e8d-f62e7b41a168')]",
      "User Access Administrator": "[subscriptionResourceId('Microsoft.Authorization/roleDefinitions', '18d7d88d-d35e-4fb5-a5c3-7773c20a72d9')]"
    }
  },
  "resources": {
    "cMKKeyVault::cMKKey": {
      "condition": "[and(not(empty(parameters('cMKKeyVaultResourceId'))), not(empty(parameters('cMKKeyName'))))]",
      "existing": true,
      "type": "Microsoft.KeyVault/vaults/keys",
      "apiVersion": "2023-02-01",
      "subscriptionId": "[split(if(not(empty(parameters('cMKKeyVaultResourceId'))), parameters('cMKKeyVaultResourceId'), '//'), '/')[2]]",
      "resourceGroup": "[split(if(not(empty(parameters('cMKKeyVaultResourceId'))), parameters('cMKKeyVaultResourceId'), '////'), '/')[4]]",
      "name": "[format('{0}/{1}', last(split(if(not(empty(parameters('cMKKeyVaultResourceId'))), parameters('cMKKeyVaultResourceId'), 'dummyVault'), '/')), if(not(empty(parameters('cMKKeyName'))), parameters('cMKKeyName'), 'dummyKey'))]",
      "dependsOn": [
        "cMKKeyVault"
      ]
    },
    "defaultTelemetry": {
      "condition": "[parameters('enableDefaultTelemetry')]",
      "type": "Microsoft.Resources/deployments",
      "apiVersion": "2021-04-01",
      "name": "[format('pid-47ed15a6-730a-4827-bcb4-0fd963ffbd82-{0}', uniqueString(deployment().name, parameters('location')))]",
      "properties": {
        "mode": "Incremental",
        "template": {
          "$schema": "https://schema.management.azure.com/schemas/2019-04-01/deploymentTemplate.json#",
          "contentVersion": "1.0.0.0",
          "resources": []
        }
      }
    },
    "cMKKeyVault": {
      "condition": "[not(empty(parameters('cMKKeyVaultResourceId')))]",
      "existing": true,
      "type": "Microsoft.KeyVault/vaults",
      "apiVersion": "2021-10-01",
      "subscriptionId": "[split(if(not(empty(parameters('cMKKeyVaultResourceId'))), parameters('cMKKeyVaultResourceId'), '//'), '/')[2]]",
      "resourceGroup": "[split(if(not(empty(parameters('cMKKeyVaultResourceId'))), parameters('cMKKeyVaultResourceId'), '////'), '/')[4]]",
      "name": "[last(split(if(not(empty(parameters('cMKKeyVaultResourceId'))), parameters('cMKKeyVaultResourceId'), 'dummyVault'), '/'))]"
    },
    "batchAccount": {
      "type": "Microsoft.Batch/batchAccounts",
      "apiVersion": "2022-06-01",
      "name": "[parameters('name')]",
      "location": "[parameters('location')]",
      "tags": "[parameters('tags')]",
      "identity": "[variables('identity')]",
      "properties": {
        "allowedAuthenticationModes": "[parameters('allowedAuthenticationModes')]",
        "autoStorage": "[variables('autoStorageConfig')]",
        "encryption": "[if(not(empty(parameters('cMKKeyName'))), createObject('keySource', 'Microsoft.KeyVault', 'keyVaultProperties', createObject('keyIdentifier', if(not(empty(parameters('cMKKeyVersion'))), format('{0}/{1}', reference('cMKKeyVault::cMKKey').keyUri, parameters('cMKKeyVersion')), reference('cMKKeyVault::cMKKey').keyUriWithVersion))), null())]",
        "keyVaultReference": "[if(equals(parameters('poolAllocationMode'), 'UserSubscription'), createObject('id', parameters('keyVaultReferenceResourceId'), 'url', reference('cMKKeyVault').vaultUri), null())]",
        "networkProfile": "[if(or(equals(parameters('publicNetworkAccess'), 'Disabled'), empty(parameters('networkProfileAllowedIpRanges'))), null(), createObject('accountAccess', createObject('defaultAction', parameters('networkProfileDefaultAction'), 'ipRules', variables('networkProfileIpRules'))))]",
        "poolAllocationMode": "[parameters('poolAllocationMode')]",
        "publicNetworkAccess": "[if(not(empty(parameters('publicNetworkAccess'))), parameters('publicNetworkAccess'), if(and(not(empty(parameters('privateEndpoints'))), empty(parameters('networkProfileAllowedIpRanges'))), 'Disabled', null()))]"
      },
      "dependsOn": [
        "cMKKeyVault"
      ]
    },
    "batchAccount_lock": {
      "condition": "[and(not(empty(coalesce(parameters('lock'), createObject()))), not(equals(tryGet(parameters('lock'), 'kind'), 'None')))]",
      "type": "Microsoft.Authorization/locks",
      "apiVersion": "2020-05-01",
      "scope": "[format('Microsoft.Batch/batchAccounts/{0}', parameters('name'))]",
      "name": "[coalesce(tryGet(parameters('lock'), 'name'), format('lock-{0}', parameters('name')))]",
      "properties": {
        "level": "[coalesce(tryGet(parameters('lock'), 'kind'), '')]",
        "notes": "[if(equals(tryGet(parameters('lock'), 'kind'), 'CanNotDelete'), 'Cannot delete resource or child resources.', 'Cannot delete or modify the resource or child resources.')]"
      },
      "dependsOn": [
        "batchAccount"
      ]
    },
    "batchAccount_diagnosticSettings": {
      "copy": {
        "name": "batchAccount_diagnosticSettings",
        "count": "[length(coalesce(parameters('diagnosticSettings'), createArray()))]"
      },
      "type": "Microsoft.Insights/diagnosticSettings",
      "apiVersion": "2021-05-01-preview",
      "scope": "[format('Microsoft.Batch/batchAccounts/{0}', parameters('name'))]",
      "name": "[coalesce(tryGet(coalesce(parameters('diagnosticSettings'), createArray())[copyIndex()], 'name'), format('{0}-diagnosticSettings', parameters('name')))]",
      "properties": {
        "storageAccountId": "[tryGet(coalesce(parameters('diagnosticSettings'), createArray())[copyIndex()], 'storageAccountResourceId')]",
        "workspaceId": "[tryGet(coalesce(parameters('diagnosticSettings'), createArray())[copyIndex()], 'workspaceResourceId')]",
        "eventHubAuthorizationRuleId": "[tryGet(coalesce(parameters('diagnosticSettings'), createArray())[copyIndex()], 'eventHubAuthorizationRuleResourceId')]",
        "eventHubName": "[tryGet(coalesce(parameters('diagnosticSettings'), createArray())[copyIndex()], 'eventHubName')]",
        "metrics": "[coalesce(tryGet(coalesce(parameters('diagnosticSettings'), createArray())[copyIndex()], 'metricCategories'), createArray(createObject('category', 'AllMetrics', 'timeGrain', null(), 'enabled', true())))]",
        "logs": "[coalesce(tryGet(coalesce(parameters('diagnosticSettings'), createArray())[copyIndex()], 'logCategoriesAndGroups'), createArray(createObject('categoryGroup', 'AllLogs', 'enabled', true())))]",
        "marketplacePartnerId": "[tryGet(coalesce(parameters('diagnosticSettings'), createArray())[copyIndex()], 'marketplacePartnerResourceId')]",
        "logAnalyticsDestinationType": "[tryGet(coalesce(parameters('diagnosticSettings'), createArray())[copyIndex()], 'logAnalyticsDestinationType')]"
      },
      "dependsOn": [
        "batchAccount"
      ]
    },
    "batchAccount_roleAssignments": {
      "copy": {
        "name": "batchAccount_roleAssignments",
        "count": "[length(coalesce(parameters('roleAssignments'), createArray()))]"
      },
      "type": "Microsoft.Authorization/roleAssignments",
      "apiVersion": "2022-04-01",
      "scope": "[format('Microsoft.Batch/batchAccounts/{0}', parameters('name'))]",
      "name": "[guid(resourceId('Microsoft.Batch/batchAccounts', parameters('name')), coalesce(parameters('roleAssignments'), createArray())[copyIndex()].principalId, coalesce(parameters('roleAssignments'), createArray())[copyIndex()].roleDefinitionIdOrName)]",
      "properties": {
        "roleDefinitionId": "[if(contains(variables('builtInRoleNames'), coalesce(parameters('roleAssignments'), createArray())[copyIndex()].roleDefinitionIdOrName), variables('builtInRoleNames')[coalesce(parameters('roleAssignments'), createArray())[copyIndex()].roleDefinitionIdOrName], coalesce(parameters('roleAssignments'), createArray())[copyIndex()].roleDefinitionIdOrName)]",
        "principalId": "[coalesce(parameters('roleAssignments'), createArray())[copyIndex()].principalId]",
        "description": "[tryGet(coalesce(parameters('roleAssignments'), createArray())[copyIndex()], 'description')]",
        "principalType": "[tryGet(coalesce(parameters('roleAssignments'), createArray())[copyIndex()], 'principalType')]",
        "condition": "[tryGet(coalesce(parameters('roleAssignments'), createArray())[copyIndex()], 'condition')]",
        "conditionVersion": "[if(not(empty(tryGet(coalesce(parameters('roleAssignments'), createArray())[copyIndex()], 'condition'))), coalesce(tryGet(coalesce(parameters('roleAssignments'), createArray())[copyIndex()], 'conditionVersion'), '2.0'), null())]",
        "delegatedManagedIdentityResourceId": "[tryGet(coalesce(parameters('roleAssignments'), createArray())[copyIndex()], 'delegatedManagedIdentityResourceId')]"
      },
      "dependsOn": [
        "batchAccount"
      ]
    },
    "batchAccount_privateEndpoints": {
      "copy": {
        "name": "batchAccount_privateEndpoints",
        "count": "[length(coalesce(parameters('privateEndpoints'), createArray()))]"
      },
      "type": "Microsoft.Resources/deployments",
      "apiVersion": "2022-09-01",
      "name": "[format('{0}-batchAccount-PrivateEndpoint-{1}', uniqueString(deployment().name, parameters('location')), copyIndex())]",
      "properties": {
        "expressionEvaluationOptions": {
          "scope": "inner"
        },
        "mode": "Incremental",
        "parameters": {
          "groupIds": {
            "value": [
              "[coalesce(tryGet(coalesce(parameters('privateEndpoints'), createArray())[copyIndex()], 'service'), 'batchAccount')]"
            ]
          },
          "name": {
            "value": "[coalesce(tryGet(coalesce(parameters('privateEndpoints'), createArray())[copyIndex()], 'name'), format('pep-{0}-{1}-{2}', last(split(resourceId('Microsoft.Batch/batchAccounts', parameters('name')), '/')), coalesce(tryGet(coalesce(parameters('privateEndpoints'), createArray())[copyIndex()], 'service'), 'batchAccount'), copyIndex()))]"
          },
          "serviceResourceId": {
            "value": "[resourceId('Microsoft.Batch/batchAccounts', parameters('name'))]"
          },
          "subnetResourceId": {
            "value": "[coalesce(parameters('privateEndpoints'), createArray())[copyIndex()].subnetResourceId]"
          },
          "enableDefaultTelemetry": {
            "value": "[coalesce(tryGet(coalesce(parameters('privateEndpoints'), createArray())[copyIndex()], 'enableDefaultTelemetry'), variables('enableReferencedModulesTelemetry'))]"
          },
          "location": {
            "value": "[coalesce(tryGet(coalesce(parameters('privateEndpoints'), createArray())[copyIndex()], 'location'), reference(split(coalesce(parameters('privateEndpoints'), createArray())[copyIndex()].subnetResourceId, '/subnets/')[0], '2020-06-01', 'Full').location)]"
          },
          "lock": {
            "value": "[coalesce(tryGet(coalesce(parameters('privateEndpoints'), createArray())[copyIndex()], 'lock'), parameters('lock'))]"
          },
          "privateDnsZoneGroupName": {
            "value": "[tryGet(coalesce(parameters('privateEndpoints'), createArray())[copyIndex()], 'privateDnsZoneGroupName')]"
          },
          "privateDnsZoneResourceIds": {
            "value": "[tryGet(coalesce(parameters('privateEndpoints'), createArray())[copyIndex()], 'privateDnsZoneResourceIds')]"
          },
          "roleAssignments": {
            "value": "[tryGet(coalesce(parameters('privateEndpoints'), createArray())[copyIndex()], 'roleAssignments')]"
          },
          "tags": {
            "value": "[coalesce(tryGet(coalesce(parameters('privateEndpoints'), createArray())[copyIndex()], 'tags'), parameters('tags'))]"
          },
          "manualPrivateLinkServiceConnections": {
            "value": "[tryGet(coalesce(parameters('privateEndpoints'), createArray())[copyIndex()], 'manualPrivateLinkServiceConnections')]"
          },
          "customDnsConfigs": {
            "value": "[tryGet(coalesce(parameters('privateEndpoints'), createArray())[copyIndex()], 'customDnsConfigs')]"
          },
          "ipConfigurations": {
            "value": "[tryGet(coalesce(parameters('privateEndpoints'), createArray())[copyIndex()], 'ipConfigurations')]"
          },
          "applicationSecurityGroupResourceIds": {
            "value": "[tryGet(coalesce(parameters('privateEndpoints'), createArray())[copyIndex()], 'applicationSecurityGroupResourceIds')]"
          },
          "customNetworkInterfaceName": {
            "value": "[tryGet(coalesce(parameters('privateEndpoints'), createArray())[copyIndex()], 'customNetworkInterfaceName')]"
          }
        },
        "template": {
          "$schema": "https://schema.management.azure.com/schemas/2019-04-01/deploymentTemplate.json#",
          "languageVersion": "2.0",
          "contentVersion": "1.0.0.0",
          "metadata": {
            "_generator": {
              "name": "bicep",
              "version": "0.23.1.45101",
              "templateHash": "6873008238043407177"
            },
            "name": "Private Endpoints",
            "description": "This module deploys a Private Endpoint.",
            "owner": "Azure/module-maintainers"
          },
          "definitions": {
            "roleAssignmentType": {
              "type": "array",
              "items": {
                "type": "object",
                "properties": {
                  "roleDefinitionIdOrName": {
                    "type": "string",
                    "metadata": {
                      "description": "Required. The name of the role to assign. If it cannot be found you can specify the role definition ID instead."
                    }
                  },
                  "principalId": {
                    "type": "string",
                    "metadata": {
                      "description": "Required. The principal ID of the principal (user/group/identity) to assign the role to."
                    }
                  },
                  "principalType": {
                    "type": "string",
                    "allowedValues": [
                      "Device",
                      "ForeignGroup",
                      "Group",
                      "ServicePrincipal",
                      "User"
                    ],
                    "nullable": true,
                    "metadata": {
                      "description": "Optional. The principal type of the assigned principal ID."
                    }
                  },
                  "description": {
                    "type": "string",
                    "nullable": true,
                    "metadata": {
                      "description": "Optional. The description of the role assignment."
                    }
                  },
                  "condition": {
                    "type": "string",
                    "nullable": true,
                    "metadata": {
                      "description": "Optional. The conditions on the role assignment. This limits the resources it can be assigned to. e.g.: @Resource[Microsoft.Storage/storageAccounts/blobServices/containers:ContainerName] StringEqualsIgnoreCase \"foo_storage_container\""
                    }
                  },
                  "conditionVersion": {
                    "type": "string",
                    "allowedValues": [
                      "2.0"
                    ],
                    "nullable": true,
                    "metadata": {
                      "description": "Optional. Version of the condition."
                    }
                  },
                  "delegatedManagedIdentityResourceId": {
                    "type": "string",
                    "nullable": true,
                    "metadata": {
                      "description": "Optional. The Resource Id of the delegated managed identity resource."
                    }
                  }
                }
              },
              "nullable": true
            },
            "lockType": {
              "type": "object",
              "properties": {
                "name": {
                  "type": "string",
                  "nullable": true,
                  "metadata": {
                    "description": "Optional. Specify the name of lock."
                  }
                },
                "kind": {
                  "type": "string",
                  "allowedValues": [
                    "CanNotDelete",
                    "None",
                    "ReadOnly"
                  ],
                  "nullable": true,
                  "metadata": {
                    "description": "Optional. Specify the type of lock."
                  }
                }
              },
              "nullable": true
            },
            "ipConfigurationsType": {
              "type": "array",
              "items": {
                "type": "object",
                "properties": {
                  "name": {
                    "type": "string",
                    "metadata": {
                      "description": "Required. The name of the resource that is unique within a resource group."
                    }
                  },
                  "properties": {
                    "type": "object",
                    "properties": {
                      "groupId": {
                        "type": "string",
                        "metadata": {
                          "description": "Required. The ID of a group obtained from the remote resource that this private endpoint should connect to."
                        }
                      },
                      "memberName": {
                        "type": "string",
                        "metadata": {
                          "description": "Required. The member name of a group obtained from the remote resource that this private endpoint should connect to."
                        }
                      },
                      "privateIPAddress": {
                        "type": "string",
                        "metadata": {
                          "description": "Required. A private ip address obtained from the private endpoint's subnet."
                        }
                      }
                    },
                    "metadata": {
                      "description": "Required. Properties of private endpoint IP configurations."
                    }
                  }
                }
              },
              "nullable": true
            },
            "customDnsConfigType": {
              "type": "array",
              "items": {
                "type": "object",
                "properties": {
                  "fqdn": {
                    "type": "string",
                    "metadata": {
                      "description": "Required. Fqdn that resolves to private endpoint ip address."
                    }
                  },
                  "ipAddresses": {
                    "type": "array",
                    "items": {
                      "type": "string"
                    },
                    "metadata": {
                      "description": "Required. A list of private ip addresses of the private endpoint."
                    }
                  }
                }
              },
              "nullable": true
            }
          },
          "parameters": {
            "name": {
              "type": "string",
              "metadata": {
                "description": "Required. Name of the private endpoint resource to create."
              }
            },
            "subnetResourceId": {
              "type": "string",
              "metadata": {
                "description": "Required. Resource ID of the subnet where the endpoint needs to be created."
              }
            },
            "serviceResourceId": {
              "type": "string",
              "metadata": {
                "description": "Required. Resource ID of the resource that needs to be connected to the network."
              }
            },
            "applicationSecurityGroupResourceIds": {
              "type": "array",
              "nullable": true,
              "metadata": {
                "description": "Optional. Application security groups in which the private endpoint IP configuration is included."
              }
            },
            "customNetworkInterfaceName": {
              "type": "string",
              "nullable": true,
              "metadata": {
                "description": "Optional. The custom name of the network interface attached to the private endpoint."
              }
            },
            "ipConfigurations": {
              "$ref": "#/definitions/ipConfigurationsType",
              "nullable": true,
              "metadata": {
                "description": "Optional. A list of IP configurations of the private endpoint. This will be used to map to the First Party Service endpoints."
              }
            },
            "groupIds": {
              "type": "array",
              "metadata": {
                "description": "Required. Subtype(s) of the connection to be created. The allowed values depend on the type serviceResourceId refers to."
              }
            },
            "privateDnsZoneGroupName": {
              "type": "string",
              "nullable": true,
              "metadata": {
                "description": "Optional. The name of the private DNS zone group to create if `privateDnsZoneResourceIds` were provided."
              }
            },
            "privateDnsZoneResourceIds": {
              "type": "array",
              "nullable": true,
              "metadata": {
                "description": "Optional. The private DNS zone groups to associate the private endpoint. A DNS zone group can support up to 5 DNS zones."
              }
            },
            "location": {
              "type": "string",
              "defaultValue": "[resourceGroup().location]",
              "metadata": {
                "description": "Optional. Location for all Resources."
              }
            },
            "lock": {
              "$ref": "#/definitions/lockType",
              "metadata": {
                "description": "Optional. The lock settings of the service."
              }
            },
            "roleAssignments": {
              "$ref": "#/definitions/roleAssignmentType",
              "metadata": {
                "description": "Optional. Array of role assignment objects that contain the 'roleDefinitionIdOrName' and 'principalId' to define RBAC role assignments on this resource. In the roleDefinitionIdOrName attribute, you can provide either the display name of the role definition, or its fully qualified ID in the following format: '/providers/Microsoft.Authorization/roleDefinitions/c2f4ef07-c644-48eb-af81-4b1b4947fb11'."
              }
            },
            "tags": {
              "type": "object",
              "nullable": true,
              "metadata": {
                "description": "Optional. Tags to be applied on all resources/resource groups in this deployment."
              }
            },
            "customDnsConfigs": {
              "$ref": "#/definitions/customDnsConfigType",
              "nullable": true,
              "metadata": {
                "description": "Optional. Custom DNS configurations."
              }
            },
            "manualPrivateLinkServiceConnections": {
              "type": "array",
              "nullable": true,
              "metadata": {
                "description": "Optional. Manual PrivateLink Service Connections."
              }
            },
            "enableDefaultTelemetry": {
              "type": "bool",
              "defaultValue": true,
              "metadata": {
                "description": "Optional. Enable/Disable usage telemetry for module."
              }
            }
          },
          "variables": {
            "enableReferencedModulesTelemetry": false,
            "builtInRoleNames": {
              "Contributor": "[subscriptionResourceId('Microsoft.Authorization/roleDefinitions', 'b24988ac-6180-42a0-ab88-20f7382dd24c')]",
              "DNS Resolver Contributor": "[subscriptionResourceId('Microsoft.Authorization/roleDefinitions', '0f2ebee7-ffd4-4fc0-b3b7-664099fdad5d')]",
              "DNS Zone Contributor": "[subscriptionResourceId('Microsoft.Authorization/roleDefinitions', 'befefa01-2a29-4197-83a8-272ff33ce314')]",
              "Domain Services Contributor": "[subscriptionResourceId('Microsoft.Authorization/roleDefinitions', 'eeaeda52-9324-47f6-8069-5d5bade478b2')]",
              "Domain Services Reader": "[subscriptionResourceId('Microsoft.Authorization/roleDefinitions', '361898ef-9ed1-48c2-849c-a832951106bb')]",
              "Network Contributor": "[subscriptionResourceId('Microsoft.Authorization/roleDefinitions', '4d97b98b-1d4f-4787-a291-c67834d212e7')]",
              "Owner": "[subscriptionResourceId('Microsoft.Authorization/roleDefinitions', '8e3af657-a8ff-443c-a75c-2fe8c4bcb635')]",
              "Private DNS Zone Contributor": "[subscriptionResourceId('Microsoft.Authorization/roleDefinitions', 'b12aa53e-6015-4669-85d0-8515ebb3ae7f')]",
              "Reader": "[subscriptionResourceId('Microsoft.Authorization/roleDefinitions', 'acdd72a7-3385-48ef-bd42-f606fba81ae7')]",
              "Role Based Access Control Administrator (Preview)": "[subscriptionResourceId('Microsoft.Authorization/roleDefinitions', 'f58310d9-a9f6-439a-9e8d-f62e7b41a168')]"
            }
          },
          "resources": {
            "defaultTelemetry": {
              "condition": "[parameters('enableDefaultTelemetry')]",
              "type": "Microsoft.Resources/deployments",
              "apiVersion": "2021-04-01",
              "name": "[format('pid-47ed15a6-730a-4827-bcb4-0fd963ffbd82-{0}', uniqueString(deployment().name, parameters('location')))]",
              "properties": {
                "mode": "Incremental",
                "template": {
                  "$schema": "https://schema.management.azure.com/schemas/2019-04-01/deploymentTemplate.json#",
                  "contentVersion": "1.0.0.0",
                  "resources": []
                }
              }
            },
            "privateEndpoint": {
              "type": "Microsoft.Network/privateEndpoints",
              "apiVersion": "2023-04-01",
              "name": "[parameters('name')]",
              "location": "[parameters('location')]",
              "tags": "[parameters('tags')]",
              "properties": {
                "copy": [
                  {
                    "name": "applicationSecurityGroups",
                    "count": "[length(coalesce(parameters('applicationSecurityGroupResourceIds'), createArray()))]",
                    "input": {
                      "id": "[coalesce(parameters('applicationSecurityGroupResourceIds'), createArray())[copyIndex('applicationSecurityGroups')]]"
                    }
                  }
                ],
                "customDnsConfigs": "[parameters('customDnsConfigs')]",
                "customNetworkInterfaceName": "[coalesce(parameters('customNetworkInterfaceName'), '')]",
                "ipConfigurations": "[coalesce(parameters('ipConfigurations'), createArray())]",
                "manualPrivateLinkServiceConnections": "[coalesce(parameters('manualPrivateLinkServiceConnections'), createArray())]",
                "privateLinkServiceConnections": [
                  {
                    "name": "[parameters('name')]",
                    "properties": {
                      "privateLinkServiceId": "[parameters('serviceResourceId')]",
                      "groupIds": "[parameters('groupIds')]"
                    }
                  }
                ],
                "subnet": {
                  "id": "[parameters('subnetResourceId')]"
                }
              }
            },
            "privateEndpoint_lock": {
              "condition": "[and(not(empty(coalesce(parameters('lock'), createObject()))), not(equals(tryGet(parameters('lock'), 'kind'), 'None')))]",
              "type": "Microsoft.Authorization/locks",
              "apiVersion": "2020-05-01",
              "scope": "[format('Microsoft.Network/privateEndpoints/{0}', parameters('name'))]",
              "name": "[coalesce(tryGet(parameters('lock'), 'name'), format('lock-{0}', parameters('name')))]",
              "properties": {
                "level": "[coalesce(tryGet(parameters('lock'), 'kind'), '')]",
                "notes": "[if(equals(tryGet(parameters('lock'), 'kind'), 'CanNotDelete'), 'Cannot delete resource or child resources.', 'Cannot delete or modify the resource or child resources.')]"
              },
              "dependsOn": [
                "privateEndpoint"
              ]
            },
            "privateEndpoint_roleAssignments": {
              "copy": {
                "name": "privateEndpoint_roleAssignments",
                "count": "[length(coalesce(parameters('roleAssignments'), createArray()))]"
              },
              "type": "Microsoft.Authorization/roleAssignments",
              "apiVersion": "2022-04-01",
              "scope": "[format('Microsoft.Network/privateEndpoints/{0}', parameters('name'))]",
              "name": "[guid(resourceId('Microsoft.Network/privateEndpoints', parameters('name')), coalesce(parameters('roleAssignments'), createArray())[copyIndex()].principalId, coalesce(parameters('roleAssignments'), createArray())[copyIndex()].roleDefinitionIdOrName)]",
              "properties": {
                "roleDefinitionId": "[if(contains(variables('builtInRoleNames'), coalesce(parameters('roleAssignments'), createArray())[copyIndex()].roleDefinitionIdOrName), variables('builtInRoleNames')[coalesce(parameters('roleAssignments'), createArray())[copyIndex()].roleDefinitionIdOrName], coalesce(parameters('roleAssignments'), createArray())[copyIndex()].roleDefinitionIdOrName)]",
                "principalId": "[coalesce(parameters('roleAssignments'), createArray())[copyIndex()].principalId]",
                "description": "[tryGet(coalesce(parameters('roleAssignments'), createArray())[copyIndex()], 'description')]",
                "principalType": "[tryGet(coalesce(parameters('roleAssignments'), createArray())[copyIndex()], 'principalType')]",
                "condition": "[tryGet(coalesce(parameters('roleAssignments'), createArray())[copyIndex()], 'condition')]",
                "conditionVersion": "[if(not(empty(tryGet(coalesce(parameters('roleAssignments'), createArray())[copyIndex()], 'condition'))), coalesce(tryGet(coalesce(parameters('roleAssignments'), createArray())[copyIndex()], 'conditionVersion'), '2.0'), null())]",
                "delegatedManagedIdentityResourceId": "[tryGet(coalesce(parameters('roleAssignments'), createArray())[copyIndex()], 'delegatedManagedIdentityResourceId')]"
              },
              "dependsOn": [
                "privateEndpoint"
              ]
            },
            "privateEndpoint_privateDnsZoneGroup": {
              "condition": "[not(empty(parameters('privateDnsZoneResourceIds')))]",
              "type": "Microsoft.Resources/deployments",
              "apiVersion": "2022-09-01",
              "name": "[format('{0}-PrivateEndpoint-PrivateDnsZoneGroup', uniqueString(deployment().name))]",
              "properties": {
                "expressionEvaluationOptions": {
                  "scope": "inner"
                },
                "mode": "Incremental",
                "parameters": {
                  "name": {
                    "value": "[coalesce(parameters('privateDnsZoneGroupName'), 'default')]"
                  },
                  "privateDNSResourceIds": {
                    "value": "[coalesce(parameters('privateDnsZoneResourceIds'), createArray())]"
                  },
                  "privateEndpointName": {
                    "value": "[parameters('name')]"
                  },
                  "enableDefaultTelemetry": {
                    "value": "[variables('enableReferencedModulesTelemetry')]"
                  }
                },
                "template": {
                  "$schema": "https://schema.management.azure.com/schemas/2019-04-01/deploymentTemplate.json#",
                  "contentVersion": "1.0.0.0",
                  "metadata": {
                    "_generator": {
                      "name": "bicep",
                      "version": "0.23.1.45101",
                      "templateHash": "17578977753131828304"
                    },
                    "name": "Private Endpoint Private DNS Zone Groups",
                    "description": "This module deploys a Private Endpoint Private DNS Zone Group.",
                    "owner": "Azure/module-maintainers"
                  },
                  "parameters": {
                    "privateEndpointName": {
                      "type": "string",
                      "metadata": {
                        "description": "Conditional. The name of the parent private endpoint. Required if the template is used in a standalone deployment."
                      }
                    },
                    "privateDNSResourceIds": {
                      "type": "array",
                      "minLength": 1,
                      "maxLength": 5,
                      "metadata": {
                        "description": "Required. Array of private DNS zone resource IDs. A DNS zone group can support up to 5 DNS zones."
                      }
                    },
                    "name": {
                      "type": "string",
                      "defaultValue": "default",
                      "metadata": {
                        "description": "Optional. The name of the private DNS zone group."
                      }
                    },
                    "enableDefaultTelemetry": {
                      "type": "bool",
                      "defaultValue": true,
                      "metadata": {
                        "description": "Optional. Enable/Disable usage telemetry for module."
                      }
                    }
                  },
                  "variables": {
                    "copy": [
                      {
                        "name": "privateDnsZoneConfigs",
                        "count": "[length(parameters('privateDNSResourceIds'))]",
                        "input": {
                          "name": "[last(split(parameters('privateDNSResourceIds')[copyIndex('privateDnsZoneConfigs')], '/'))]",
                          "properties": {
                            "privateDnsZoneId": "[parameters('privateDNSResourceIds')[copyIndex('privateDnsZoneConfigs')]]"
                          }
                        }
                      }
                    ]
                  },
                  "resources": [
                    {
                      "condition": "[parameters('enableDefaultTelemetry')]",
                      "type": "Microsoft.Resources/deployments",
                      "apiVersion": "2021-04-01",
                      "name": "[format('pid-47ed15a6-730a-4827-bcb4-0fd963ffbd82-{0}', uniqueString(deployment().name))]",
                      "properties": {
                        "mode": "Incremental",
                        "template": {
                          "$schema": "https://schema.management.azure.com/schemas/2019-04-01/deploymentTemplate.json#",
                          "contentVersion": "1.0.0.0",
                          "resources": []
                        }
                      }
                    },
                    {
                      "type": "Microsoft.Network/privateEndpoints/privateDnsZoneGroups",
                      "apiVersion": "2023-04-01",
                      "name": "[format('{0}/{1}', parameters('privateEndpointName'), parameters('name'))]",
                      "properties": {
                        "privateDnsZoneConfigs": "[variables('privateDnsZoneConfigs')]"
                      }
                    }
                  ],
                  "outputs": {
                    "name": {
                      "type": "string",
                      "metadata": {
                        "description": "The name of the private endpoint DNS zone group."
                      },
                      "value": "[parameters('name')]"
                    },
                    "resourceId": {
                      "type": "string",
                      "metadata": {
                        "description": "The resource ID of the private endpoint DNS zone group."
                      },
                      "value": "[resourceId('Microsoft.Network/privateEndpoints/privateDnsZoneGroups', parameters('privateEndpointName'), parameters('name'))]"
                    },
                    "resourceGroupName": {
                      "type": "string",
                      "metadata": {
                        "description": "The resource group the private endpoint DNS zone group was deployed into."
                      },
                      "value": "[resourceGroup().name]"
                    }
                  }
                }
              },
              "dependsOn": [
                "privateEndpoint"
              ]
            }
          },
          "outputs": {
            "resourceGroupName": {
              "type": "string",
              "metadata": {
                "description": "The resource group the private endpoint was deployed into."
              },
              "value": "[resourceGroup().name]"
            },
            "resourceId": {
              "type": "string",
              "metadata": {
                "description": "The resource ID of the private endpoint."
              },
              "value": "[resourceId('Microsoft.Network/privateEndpoints', parameters('name'))]"
            },
            "name": {
              "type": "string",
              "metadata": {
                "description": "The name of the private endpoint."
              },
              "value": "[parameters('name')]"
            },
            "location": {
              "type": "string",
              "metadata": {
                "description": "The location the resource was deployed into."
              },
              "value": "[reference('privateEndpoint', '2023-04-01', 'full').location]"
            }
          }
        }
      },
      "dependsOn": [
        "batchAccount"
      ]
    }
  },
  "outputs": {
    "name": {
      "type": "string",
      "metadata": {
        "description": "The name of the batch account."
      },
      "value": "[parameters('name')]"
    },
    "resourceId": {
      "type": "string",
      "metadata": {
        "description": "The resource ID of the batch account."
      },
      "value": "[resourceId('Microsoft.Batch/batchAccounts', parameters('name'))]"
    },
    "resourceGroupName": {
      "type": "string",
      "metadata": {
        "description": "The resource group the batch account was deployed into."
      },
      "value": "[resourceGroup().name]"
    },
    "location": {
      "type": "string",
      "metadata": {
        "description": "The location the resource was deployed into."
      },
      "value": "[reference('batchAccount', '2022-06-01', 'full').location]"
    },
    "systemAssignedMIPrincipalId": {
      "type": "string",
      "metadata": {
        "description": "The principal ID of the system assigned identity."
      },
      "value": "[if(and(coalesce(tryGet(parameters('managedIdentities'), 'systemAssigned'), false()), contains(reference('batchAccount', '2022-06-01', 'full').identity, 'principalId')), reference('batchAccount', '2022-06-01', 'full').identity.principalId, '')]"
    }
  }
}