{
  "$schema": "https://schema.management.azure.com/schemas/2019-04-01/deploymentTemplate.json#",
  "languageVersion": "2.0",
  "contentVersion": "1.0.0.0",
  "metadata": {
    "_generator": {
      "name": "bicep",
      "version": "0.23.1.45101",
      "templateHash": "17468299355631227280"
    },
    "name": "Action Groups",
    "description": "This module deploys an Action Group.",
    "owner": "Azure/module-maintainers"
  },
  "definitions": {
    "roleAssignmentType": {
      "type": "array",
      "items": {
        "type": "object",
        "properties": {
          "roleDefinitionIdOrName": {
            "type": "string",
            "metadata": {
              "description": "Required. The name of the role to assign. If it cannot be found you can specify the role definition ID instead."
            }
          },
          "principalId": {
            "type": "string",
            "metadata": {
              "description": "Required. The principal ID of the principal (user/group/identity) to assign the role to."
            }
          },
          "principalType": {
            "type": "string",
            "allowedValues": [
              "Device",
              "ForeignGroup",
              "Group",
              "ServicePrincipal",
              "User"
            ],
            "nullable": true,
            "metadata": {
              "description": "Optional. The principal type of the assigned principal ID."
            }
          },
          "description": {
            "type": "string",
            "nullable": true,
            "metadata": {
              "description": "Optional. The description of the role assignment."
            }
          },
          "condition": {
            "type": "string",
            "nullable": true,
            "metadata": {
              "description": "Optional. The conditions on the role assignment. This limits the resources it can be assigned to. e.g.: @Resource[Microsoft.Storage/storageAccounts/blobServices/containers:ContainerName] StringEqualsIgnoreCase \"foo_storage_container\""
            }
          },
          "conditionVersion": {
            "type": "string",
            "allowedValues": [
              "2.0"
            ],
            "nullable": true,
            "metadata": {
              "description": "Optional. Version of the condition."
            }
          },
          "delegatedManagedIdentityResourceId": {
            "type": "string",
            "nullable": true,
            "metadata": {
              "description": "Optional. The Resource Id of the delegated managed identity resource."
            }
          }
        }
      },
      "nullable": true
    }
  },
  "parameters": {
    "name": {
      "type": "string",
      "metadata": {
        "description": "Required. The name of the action group."
      }
    },
    "groupShortName": {
      "type": "string",
      "metadata": {
        "description": "Required. The short name of the action group."
      }
    },
    "enabled": {
      "type": "bool",
      "defaultValue": true,
      "metadata": {
        "description": "Optional. Indicates whether this action group is enabled. If an action group is not enabled, then none of its receivers will receive communications."
      }
    },
    "roleAssignments": {
      "$ref": "#/definitions/roleAssignmentType",
      "metadata": {
        "description": "Optional. Array of role assignment objects that contain the 'roleDefinitionIdOrName' and 'principalId' to define RBAC role assignments on this resource. In the roleDefinitionIdOrName attribute, you can provide either the display name of the role definition, or its fully qualified ID in the following format: '/providers/Microsoft.Authorization/roleDefinitions/c2f4ef07-c644-48eb-af81-4b1b4947fb11'."
      }
    },
    "emailReceivers": {
      "type": "array",
      "defaultValue": [],
      "metadata": {
        "description": "Optional. The list of email receivers that are part of this action group."
      }
    },
    "smsReceivers": {
      "type": "array",
      "defaultValue": [],
      "metadata": {
        "description": "Optional. The list of SMS receivers that are part of this action group."
      }
    },
    "webhookReceivers": {
      "type": "array",
      "defaultValue": [],
      "metadata": {
        "description": "Optional. The list of webhook receivers that are part of this action group."
      }
    },
    "itsmReceivers": {
      "type": "array",
      "defaultValue": [],
      "metadata": {
        "description": "Optional. The list of ITSM receivers that are part of this action group."
      }
    },
    "azureAppPushReceivers": {
      "type": "array",
      "defaultValue": [],
      "metadata": {
        "description": "Optional. The list of AzureAppPush receivers that are part of this action group."
      }
    },
    "automationRunbookReceivers": {
      "type": "array",
      "defaultValue": [],
      "metadata": {
        "description": "Optional. The list of AutomationRunbook receivers that are part of this action group."
      }
    },
    "voiceReceivers": {
      "type": "array",
      "defaultValue": [],
      "metadata": {
        "description": "Optional. The list of voice receivers that are part of this action group."
      }
    },
    "logicAppReceivers": {
      "type": "array",
      "defaultValue": [],
      "metadata": {
        "description": "Optional. The list of logic app receivers that are part of this action group."
      }
    },
    "azureFunctionReceivers": {
      "type": "array",
      "defaultValue": [],
      "metadata": {
        "description": "Optional. The list of function receivers that are part of this action group."
      }
    },
    "armRoleReceivers": {
      "type": "array",
      "defaultValue": [],
      "metadata": {
        "description": "Optional. The list of ARM role receivers that are part of this action group. Roles are Azure RBAC roles and only built-in roles are supported."
      }
    },
    "tags": {
      "type": "object",
      "nullable": true,
      "metadata": {
        "description": "Optional. Tags of the resource."
      }
    },
    "enableDefaultTelemetry": {
      "type": "bool",
      "defaultValue": true,
      "metadata": {
        "description": "Optional. Enable telemetry via a Globally Unique Identifier (GUID)."
      }
    },
    "location": {
      "type": "string",
      "defaultValue": "global",
      "metadata": {
        "description": "Optional. Location for all resources."
      }
    }
  },
  "variables": {
    "builtInRoleNames": {
      "Contributor": "[subscriptionResourceId('Microsoft.Authorization/roleDefinitions', 'b24988ac-6180-42a0-ab88-20f7382dd24c')]",
      "Owner": "[subscriptionResourceId('Microsoft.Authorization/roleDefinitions', '8e3af657-a8ff-443c-a75c-2fe8c4bcb635')]",
      "Reader": "[subscriptionResourceId('Microsoft.Authorization/roleDefinitions', 'acdd72a7-3385-48ef-bd42-f606fba81ae7')]",
      "Role Based Access Control Administrator (Preview)": "[subscriptionResourceId('Microsoft.Authorization/roleDefinitions', 'f58310d9-a9f6-439a-9e8d-f62e7b41a168')]",
      "User Access Administrator": "[subscriptionResourceId('Microsoft.Authorization/roleDefinitions', '18d7d88d-d35e-4fb5-a5c3-7773c20a72d9')]"
    }
  },
  "resources": {
    "defaultTelemetry": {
      "condition": "[parameters('enableDefaultTelemetry')]",
      "type": "Microsoft.Resources/deployments",
      "apiVersion": "2021-04-01",
      "name": "[format('pid-47ed15a6-730a-4827-bcb4-0fd963ffbd82-{0}', uniqueString(deployment().name, parameters('location')))]",
      "properties": {
        "mode": "Incremental",
        "template": {
          "$schema": "https://schema.management.azure.com/schemas/2019-04-01/deploymentTemplate.json#",
          "contentVersion": "1.0.0.0",
          "resources": []
        }
      }
    },
    "actionGroup": {
      "type": "Microsoft.Insights/actionGroups",
      "apiVersion": "2023-01-01",
      "name": "[parameters('name')]",
      "location": "[parameters('location')]",
      "tags": "[parameters('tags')]",
      "properties": {
        "groupShortName": "[parameters('groupShortName')]",
        "enabled": "[parameters('enabled')]",
        "emailReceivers": "[if(empty(parameters('emailReceivers')), null(), parameters('emailReceivers'))]",
        "smsReceivers": "[if(empty(parameters('smsReceivers')), null(), parameters('smsReceivers'))]",
        "webhookReceivers": "[if(empty(parameters('webhookReceivers')), null(), parameters('webhookReceivers'))]",
        "itsmReceivers": "[if(empty(parameters('itsmReceivers')), null(), parameters('itsmReceivers'))]",
        "azureAppPushReceivers": "[if(empty(parameters('azureAppPushReceivers')), null(), parameters('azureAppPushReceivers'))]",
        "automationRunbookReceivers": "[if(empty(parameters('automationRunbookReceivers')), null(), parameters('automationRunbookReceivers'))]",
        "voiceReceivers": "[if(empty(parameters('voiceReceivers')), null(), parameters('voiceReceivers'))]",
        "logicAppReceivers": "[if(empty(parameters('logicAppReceivers')), null(), parameters('logicAppReceivers'))]",
        "azureFunctionReceivers": "[if(empty(parameters('azureFunctionReceivers')), null(), parameters('azureFunctionReceivers'))]",
        "armRoleReceivers": "[if(empty(parameters('armRoleReceivers')), null(), parameters('armRoleReceivers'))]"
      }
    },
    "actionGroup_roleAssignments": {
      "copy": {
        "name": "actionGroup_roleAssignments",
        "count": "[length(coalesce(parameters('roleAssignments'), createArray()))]"
      },
      "type": "Microsoft.Authorization/roleAssignments",
      "apiVersion": "2022-04-01",
      "scope": "[format('Microsoft.Insights/actionGroups/{0}', parameters('name'))]",
      "name": "[guid(resourceId('Microsoft.Insights/actionGroups', parameters('name')), coalesce(parameters('roleAssignments'), createArray())[copyIndex()].principalId, coalesce(parameters('roleAssignments'), createArray())[copyIndex()].roleDefinitionIdOrName)]",
      "properties": {
        "roleDefinitionId": "[if(contains(variables('builtInRoleNames'), coalesce(parameters('roleAssignments'), createArray())[copyIndex()].roleDefinitionIdOrName), variables('builtInRoleNames')[coalesce(parameters('roleAssignments'), createArray())[copyIndex()].roleDefinitionIdOrName], coalesce(parameters('roleAssignments'), createArray())[copyIndex()].roleDefinitionIdOrName)]",
        "principalId": "[coalesce(parameters('roleAssignments'), createArray())[copyIndex()].principalId]",
        "description": "[tryGet(coalesce(parameters('roleAssignments'), createArray())[copyIndex()], 'description')]",
        "principalType": "[tryGet(coalesce(parameters('roleAssignments'), createArray())[copyIndex()], 'principalType')]",
        "condition": "[tryGet(coalesce(parameters('roleAssignments'), createArray())[copyIndex()], 'condition')]",
        "conditionVersion": "[if(not(empty(tryGet(coalesce(parameters('roleAssignments'), createArray())[copyIndex()], 'condition'))), coalesce(tryGet(coalesce(parameters('roleAssignments'), createArray())[copyIndex()], 'conditionVersion'), '2.0'), null())]",
        "delegatedManagedIdentityResourceId": "[tryGet(coalesce(parameters('roleAssignments'), createArray())[copyIndex()], 'delegatedManagedIdentityResourceId')]"
      },
      "dependsOn": [
        "actionGroup"
      ]
    }
  },
  "outputs": {
    "resourceGroupName": {
      "type": "string",
      "metadata": {
        "description": "The resource group the action group was deployed into."
      },
      "value": "[resourceGroup().name]"
    },
    "name": {
      "type": "string",
      "metadata": {
        "description": "The name of the action group ."
      },
      "value": "[parameters('name')]"
    },
    "resourceId": {
      "type": "string",
      "metadata": {
        "description": "The resource ID of the action group ."
      },
      "value": "[resourceId('Microsoft.Insights/actionGroups', parameters('name'))]"
    },
    "location": {
      "type": "string",
      "metadata": {
        "description": "The location the resource was deployed into."
      },
      "value": "[reference('actionGroup', '2023-01-01', 'full').location]"
    }
  }
}