{
  "$schema": "https://schema.management.azure.com/schemas/2019-04-01/deploymentTemplate.json#",
  "languageVersion": "2.0",
  "contentVersion": "1.0.0.0",
  "metadata": {
    "_generator": {
      "name": "bicep",
      "version": "0.23.1.45101",
      "templateHash": "6862455028328660677"
    },
    "name": "Azure Container Registries (ACR)",
    "description": "This module deploys an Azure Container Registry (ACR).",
    "owner": "Azure/module-maintainers"
  },
  "definitions": {
    "managedIdentitiesType": {
      "type": "object",
      "properties": {
        "systemAssigned": {
          "type": "bool",
          "nullable": true,
          "metadata": {
            "description": "Optional. Enables system assigned managed identity on the resource."
          }
        },
        "userAssignedResourceIds": {
          "type": "array",
          "items": {
            "type": "string"
          },
          "nullable": true,
          "metadata": {
            "description": "Optional. The resource ID(s) to assign to the resource."
          }
        }
      },
      "nullable": true
    },
    "lockType": {
      "type": "object",
      "properties": {
        "name": {
          "type": "string",
          "nullable": true,
          "metadata": {
            "description": "Optional. Specify the name of lock."
          }
        },
        "kind": {
          "type": "string",
          "allowedValues": [
            "CanNotDelete",
            "None",
            "ReadOnly"
          ],
          "nullable": true,
          "metadata": {
            "description": "Optional. Specify the type of lock."
          }
        }
      },
      "nullable": true
    },
    "roleAssignmentType": {
      "type": "array",
      "items": {
        "type": "object",
        "properties": {
          "roleDefinitionIdOrName": {
            "type": "string",
            "metadata": {
              "description": "Required. The role to assign. You can provide either the display name of the role definition, the role definition GUID, or its fully qualified ID in the following format: '/providers/Microsoft.Authorization/roleDefinitions/c2f4ef07-c644-48eb-af81-4b1b4947fb11'."
            }
          },
          "principalId": {
            "type": "string",
            "metadata": {
              "description": "Required. The principal ID of the principal (user/group/identity) to assign the role to."
            }
          },
          "principalType": {
            "type": "string",
            "allowedValues": [
              "Device",
              "ForeignGroup",
              "Group",
              "ServicePrincipal",
              "User"
            ],
            "nullable": true,
            "metadata": {
              "description": "Optional. The principal type of the assigned principal ID."
            }
          },
          "description": {
            "type": "string",
            "nullable": true,
            "metadata": {
              "description": "Optional. The description of the role assignment."
            }
          },
          "condition": {
            "type": "string",
            "nullable": true,
            "metadata": {
              "description": "Optional. The conditions on the role assignment. This limits the resources it can be assigned to. e.g.: @Resource[Microsoft.Storage/storageAccounts/blobServices/containers:ContainerName] StringEqualsIgnoreCase \"foo_storage_container\""
            }
          },
          "conditionVersion": {
            "type": "string",
            "allowedValues": [
              "2.0"
            ],
            "nullable": true,
            "metadata": {
              "description": "Optional. Version of the condition."
            }
          },
          "delegatedManagedIdentityResourceId": {
            "type": "string",
            "nullable": true,
            "metadata": {
              "description": "Optional. The Resource Id of the delegated managed identity resource."
            }
          }
        }
      },
      "nullable": true
    },
    "privateEndpointType": {
      "type": "array",
      "items": {
        "type": "object",
        "properties": {
          "name": {
            "type": "string",
            "nullable": true,
            "metadata": {
              "description": "Optional. The name of the private endpoint."
            }
          },
          "location": {
            "type": "string",
            "nullable": true,
            "metadata": {
              "description": "Optional. The location to deploy the private endpoint to."
            }
          },
          "service": {
            "type": "string",
            "nullable": true,
            "metadata": {
              "description": "Optional. The service (sub-) type to deploy the private endpoint for. For example \"vault\" or \"blob\"."
            }
          },
          "subnetResourceId": {
            "type": "string",
            "metadata": {
              "description": "Required. Resource ID of the subnet where the endpoint needs to be created."
            }
          },
          "privateDnsZoneGroupName": {
            "type": "string",
            "nullable": true,
            "metadata": {
              "description": "Optional. The name of the private DNS zone group to create if privateDnsZoneResourceIds were provided."
            }
          },
          "privateDnsZoneResourceIds": {
            "type": "array",
            "items": {
              "type": "string"
            },
            "nullable": true,
            "metadata": {
              "description": "Optional. The private DNS zone groups to associate the private endpoint with. A DNS zone group can support up to 5 DNS zones."
            }
          },
          "customDnsConfigs": {
            "type": "array",
            "items": {
              "type": "object",
              "properties": {
                "fqdn": {
                  "type": "string",
                  "nullable": true,
                  "metadata": {
                    "description": "Required. Fqdn that resolves to private endpoint ip address."
                  }
                },
                "ipAddresses": {
                  "type": "array",
                  "items": {
                    "type": "string"
                  },
                  "metadata": {
                    "description": "Required. A list of private ip addresses of the private endpoint."
                  }
                }
              }
            },
            "nullable": true,
            "metadata": {
              "description": "Optional. Custom DNS configurations."
            }
          },
          "ipConfigurations": {
            "type": "array",
            "items": {
              "type": "object",
              "properties": {
                "name": {
                  "type": "string",
                  "metadata": {
                    "description": "Required. The name of the resource that is unique within a resource group."
                  }
                },
                "properties": {
                  "type": "object",
                  "properties": {
                    "groupId": {
                      "type": "string",
                      "metadata": {
                        "description": "Required. The ID of a group obtained from the remote resource that this private endpoint should connect to."
                      }
                    },
                    "memberName": {
                      "type": "string",
                      "metadata": {
                        "description": "Required. The member name of a group obtained from the remote resource that this private endpoint should connect to."
                      }
                    },
                    "privateIPAddress": {
                      "type": "string",
                      "metadata": {
                        "description": "Required. A private ip address obtained from the private endpoint's subnet."
                      }
                    }
                  },
                  "metadata": {
                    "description": "Required. Properties of private endpoint IP configurations."
                  }
                }
              }
            },
            "nullable": true,
            "metadata": {
              "description": "Optional. A list of IP configurations of the private endpoint. This will be used to map to the First Party Service endpoints."
            }
          },
          "applicationSecurityGroupResourceIds": {
            "type": "array",
            "items": {
              "type": "string"
            },
            "nullable": true,
            "metadata": {
              "description": "Optional. Application security groups in which the private endpoint IP configuration is included."
            }
          },
          "customNetworkInterfaceName": {
            "type": "string",
            "nullable": true,
            "metadata": {
              "description": "Optional. The custom name of the network interface attached to the private endpoint."
            }
          },
          "lock": {
            "$ref": "#/definitions/lockType",
            "metadata": {
              "description": "Optional. Specify the type of lock."
            }
          },
          "roleAssignments": {
            "$ref": "#/definitions/roleAssignmentType",
            "metadata": {
              "description": "Optional. Array of role assignments to create."
            }
          },
          "tags": {
            "type": "object",
            "nullable": true,
            "metadata": {
              "description": "Optional. Tags to be applied on all resources/resource groups in this deployment."
            }
          },
          "manualPrivateLinkServiceConnections": {
            "type": "array",
            "nullable": true,
            "metadata": {
              "description": "Optional. Manual PrivateLink Service Connections."
            }
          },
          "enableTelemetry": {
            "type": "bool",
            "nullable": true,
            "metadata": {
              "description": "Optional. Enable/Disable usage telemetry for module."
            }
          }
        }
      },
      "nullable": true
    },
    "diagnosticSettingType": {
      "type": "array",
      "items": {
        "type": "object",
        "properties": {
          "name": {
            "type": "string",
            "nullable": true,
            "metadata": {
              "description": "Optional. The name of diagnostic setting."
            }
          },
          "logCategoriesAndGroups": {
            "type": "array",
            "items": {
              "type": "object",
              "properties": {
                "category": {
                  "type": "string",
                  "nullable": true,
                  "metadata": {
                    "description": "Optional. Name of a Diagnostic Log category for a resource type this setting is applied to. Set the specific logs to collect here."
                  }
                },
                "categoryGroup": {
                  "type": "string",
                  "nullable": true,
                  "metadata": {
                    "description": "Optional. Name of a Diagnostic Log category group for a resource type this setting is applied to. Set to 'AllLogs' to collect all logs."
                  }
                }
              }
            },
            "nullable": true,
            "metadata": {
              "description": "Optional. The name of logs that will be streamed. \"allLogs\" includes all possible logs for the resource. Set to '' to disable log collection."
            }
          },
          "metricCategories": {
            "type": "array",
            "items": {
              "type": "object",
              "properties": {
                "category": {
                  "type": "string",
                  "metadata": {
                    "description": "Required. Name of a Diagnostic Metric category for a resource type this setting is applied to. Set to 'AllMetrics' to collect all metrics."
                  }
                }
              }
            },
            "nullable": true,
            "metadata": {
              "description": "Optional. The name of logs that will be streamed. \"allLogs\" includes all possible logs for the resource. Set to '' to disable log collection."
            }
          },
          "logAnalyticsDestinationType": {
            "type": "string",
            "allowedValues": [
              "AzureDiagnostics",
              "Dedicated"
            ],
            "nullable": true,
            "metadata": {
              "description": "Optional. A string indicating whether the export to Log Analytics should use the default destination type, i.e. AzureDiagnostics, or use a destination type."
            }
          },
          "workspaceResourceId": {
            "type": "string",
            "nullable": true,
            "metadata": {
              "description": "Optional. Resource ID of the diagnostic log analytics workspace. For security reasons, it is recommended to set diagnostic settings to send data to either storage account, log analytics workspace or event hub."
            }
          },
          "storageAccountResourceId": {
            "type": "string",
            "nullable": true,
            "metadata": {
              "description": "Optional. Resource ID of the diagnostic storage account. For security reasons, it is recommended to set diagnostic settings to send data to either storage account, log analytics workspace or event hub."
            }
          },
          "eventHubAuthorizationRuleResourceId": {
            "type": "string",
            "nullable": true,
            "metadata": {
              "description": "Optional. Resource ID of the diagnostic event hub authorization rule for the Event Hubs namespace in which the event hub should be created or streamed to."
            }
          },
          "eventHubName": {
            "type": "string",
            "nullable": true,
            "metadata": {
              "description": "Optional. Name of the diagnostic event hub within the namespace to which logs are streamed. Without this, an event hub is created for each log category. For security reasons, it is recommended to set diagnostic settings to send data to either storage account, log analytics workspace or event hub."
            }
          },
          "marketplacePartnerResourceId": {
            "type": "string",
            "nullable": true,
            "metadata": {
              "description": "Optional. The full ARM resource ID of the Marketplace resource to which you would like to send Diagnostic Logs."
            }
          }
        }
      },
      "nullable": true
    },
    "customerManagedKeyType": {
      "type": "object",
      "properties": {
        "keyVaultResourceId": {
          "type": "string",
          "metadata": {
            "description": "Required. The resource ID of a key vault to reference a customer managed key for encryption from."
          }
        },
        "keyName": {
          "type": "string",
          "metadata": {
            "description": "Required. The name of the customer managed key to use for encryption."
          }
        },
        "keyVersion": {
          "type": "string",
          "nullable": true,
          "metadata": {
            "description": "Optional. The version of the customer managed key to reference for encryption. If not provided, using 'latest'."
          }
        },
        "userAssignedIdentityResourceId": {
          "type": "string",
          "nullable": true,
          "metadata": {
            "description": "Optional. User assigned identity to use when fetching the customer managed key. Required if no system assigned identity is available for use."
          }
        }
      },
      "nullable": true
    }
  },
  "parameters": {
    "name": {
      "type": "string",
      "minLength": 5,
      "maxLength": 50,
      "metadata": {
        "description": "Required. Name of your Azure container registry."
      }
    },
    "acrAdminUserEnabled": {
      "type": "bool",
      "defaultValue": false,
      "metadata": {
        "description": "Optional. Enable admin user that have push / pull permission to the registry."
      }
    },
    "location": {
      "type": "string",
      "defaultValue": "[resourceGroup().location]",
      "metadata": {
        "description": "Optional. Location for all resources."
      }
    },
    "roleAssignments": {
      "$ref": "#/definitions/roleAssignmentType",
      "metadata": {
        "description": "Optional. Array of role assignments to create."
      }
    },
    "acrSku": {
      "type": "string",
      "defaultValue": "Basic",
      "allowedValues": [
        "Basic",
        "Premium",
        "Standard"
      ],
      "metadata": {
        "description": "Optional. Tier of your Azure container registry."
      }
    },
    "exportPolicyStatus": {
      "type": "string",
      "defaultValue": "disabled",
      "allowedValues": [
        "disabled",
        "enabled"
      ],
      "metadata": {
        "description": "Optional. The value that indicates whether the export policy is enabled or not."
      }
    },
    "quarantinePolicyStatus": {
      "type": "string",
      "defaultValue": "disabled",
      "allowedValues": [
        "disabled",
        "enabled"
      ],
      "metadata": {
        "description": "Optional. The value that indicates whether the quarantine policy is enabled or not."
      }
    },
    "trustPolicyStatus": {
      "type": "string",
      "defaultValue": "disabled",
      "allowedValues": [
        "disabled",
        "enabled"
      ],
      "metadata": {
        "description": "Optional. The value that indicates whether the trust policy is enabled or not."
      }
    },
    "retentionPolicyStatus": {
      "type": "string",
      "defaultValue": "enabled",
      "allowedValues": [
        "disabled",
        "enabled"
      ],
      "metadata": {
        "description": "Optional. The value that indicates whether the retention policy is enabled or not."
      }
    },
    "retentionPolicyDays": {
      "type": "int",
      "defaultValue": 15,
      "metadata": {
        "description": "Optional. The number of days to retain an untagged manifest after which it gets purged."
      }
    },
    "azureADAuthenticationAsArmPolicyStatus": {
      "type": "string",
      "defaultValue": "enabled",
      "allowedValues": [
        "disabled",
        "enabled"
      ],
      "metadata": {
        "description": "Optional. The value that indicates whether the policy for using ARM audience token for a container registr is enabled or not. Default is enabled."
      }
    },
    "softDeletePolicyStatus": {
      "type": "string",
      "defaultValue": "disabled",
      "allowedValues": [
        "disabled",
        "enabled"
      ],
      "metadata": {
        "description": "Optional. Soft Delete policy status. Default is disabled."
      }
    },
    "softDeletePolicyDays": {
      "type": "int",
      "defaultValue": 7,
      "metadata": {
        "description": "Optional. The number of days after which a soft-deleted item is permanently deleted."
      }
    },
    "dataEndpointEnabled": {
      "type": "bool",
      "defaultValue": false,
      "metadata": {
        "description": "Optional. Enable a single data endpoint per region for serving data. Not relevant in case of disabled public access. Note, requires the 'acrSku' to be 'Premium'."
      }
    },
    "publicNetworkAccess": {
      "type": "string",
      "defaultValue": "",
      "allowedValues": [
        "",
        "Enabled",
        "Disabled"
      ],
      "metadata": {
        "description": "Optional. Whether or not public network access is allowed for this resource. For security reasons it should be disabled. If not specified, it will be disabled by default if private endpoints are set and networkRuleSetIpRules are not set.  Note, requires the 'acrSku' to be 'Premium'."
      }
    },
    "networkRuleBypassOptions": {
      "type": "string",
      "defaultValue": "AzureServices",
      "allowedValues": [
        "AzureServices",
        "None"
      ],
      "metadata": {
        "description": "Optional. Whether to allow trusted Azure services to access a network restricted registry."
      }
    },
    "networkRuleSetDefaultAction": {
      "type": "string",
      "defaultValue": "Deny",
      "allowedValues": [
        "Allow",
        "Deny"
      ],
      "metadata": {
        "description": "Optional. The default action of allow or deny when no other rules match."
      }
    },
    "networkRuleSetIpRules": {
      "type": "array",
      "defaultValue": [],
      "metadata": {
        "description": "Optional. The IP ACL rules. Note, requires the 'acrSku' to be 'Premium'."
      }
    },
    "privateEndpoints": {
      "$ref": "#/definitions/privateEndpointType",
      "metadata": {
        "description": "Optional. Configuration details for private endpoints. For security reasons, it is recommended to use private endpoints whenever possible. Note, requires the 'acrSku' to be 'Premium'."
      }
    },
    "zoneRedundancy": {
      "type": "string",
      "defaultValue": "Disabled",
      "allowedValues": [
        "Disabled",
        "Enabled"
      ],
      "metadata": {
        "description": "Optional. Whether or not zone redundancy is enabled for this container registry."
      }
    },
    "replications": {
      "type": "array",
      "defaultValue": [],
      "metadata": {
        "description": "Optional. All replications to create."
      }
    },
    "webhooks": {
      "type": "array",
      "defaultValue": [],
      "metadata": {
        "description": "Optional. All webhooks to create."
      }
    },
    "lock": {
      "$ref": "#/definitions/lockType",
      "metadata": {
        "description": "Optional. The lock settings of the service."
      }
    },
    "managedIdentities": {
      "$ref": "#/definitions/managedIdentitiesType",
      "metadata": {
        "description": "Optional. The managed identity definition for this resource."
      }
    },
    "tags": {
      "type": "object",
      "nullable": true,
      "metadata": {
        "description": "Optional. Tags of the resource."
      }
    },
    "enableDefaultTelemetry": {
      "type": "bool",
      "defaultValue": true,
      "metadata": {
        "description": "Optional. Enable telemetry via a Globally Unique Identifier (GUID)."
      }
    },
    "diagnosticSettings": {
      "$ref": "#/definitions/diagnosticSettingType",
      "metadata": {
        "description": "Optional. The diagnostic settings of the service."
      }
    },
    "anonymousPullEnabled": {
      "type": "bool",
      "defaultValue": false,
      "metadata": {
        "description": "Optional. Enables registry-wide pull from unauthenticated clients. It's in preview and available in the Standard and Premium service tiers."
      }
    },
    "customerManagedKey": {
      "$ref": "#/definitions/customerManagedKeyType",
      "metadata": {
        "description": "Optional. The customer managed key definition."
      }
    },
    "cacheRules": {
      "type": "array",
      "defaultValue": [],
      "metadata": {
        "description": "Optional. Array of Cache Rules. Note: This is a preview feature ([ref](https://learn.microsoft.com/en-us/azure/container-registry/tutorial-registry-cache#cache-for-acr-preview))."
      }
    }
  },
  "variables": {
    "formattedUserAssignedIdentities": "[reduce(map(coalesce(tryGet(parameters('managedIdentities'), 'userAssignedResourceIds'), createArray()), lambda('id', createObject(format('{0}', lambdaVariables('id')), createObject()))), createObject(), lambda('cur', 'next', union(lambdaVariables('cur'), lambdaVariables('next'))))]",
    "identity": "[if(not(empty(parameters('managedIdentities'))), createObject('type', if(coalesce(tryGet(parameters('managedIdentities'), 'systemAssigned'), false()), if(not(empty(coalesce(tryGet(parameters('managedIdentities'), 'userAssignedResourceIds'), createObject()))), 'SystemAssigned,UserAssigned', 'SystemAssigned'), if(not(empty(coalesce(tryGet(parameters('managedIdentities'), 'userAssignedResourceIds'), createObject()))), 'UserAssigned', null())), 'userAssignedIdentities', if(not(empty(variables('formattedUserAssignedIdentities'))), variables('formattedUserAssignedIdentities'), null())), null())]",
    "enableReferencedModulesTelemetry": false,
    "builtInRoleNames": {
      "AcrDelete": "[subscriptionResourceId('Microsoft.Authorization/roleDefinitions', 'c2f4ef07-c644-48eb-af81-4b1b4947fb11')]",
      "AcrImageSigner": "[subscriptionResourceId('Microsoft.Authorization/roleDefinitions', '6cef56e8-d556-48e5-a04f-b8e64114680f')]",
      "AcrPull": "[subscriptionResourceId('Microsoft.Authorization/roleDefinitions', '7f951dda-4ed3-4680-a7ca-43fe172d538d')]",
      "AcrPush": "[subscriptionResourceId('Microsoft.Authorization/roleDefinitions', '8311e382-0749-4cb8-b61a-304f252e45ec')]",
      "AcrQuarantineReader": "[subscriptionResourceId('Microsoft.Authorization/roleDefinitions', 'cdda3590-29a3-44f6-95f2-9f980659eb04')]",
      "AcrQuarantineWriter": "[subscriptionResourceId('Microsoft.Authorization/roleDefinitions', 'c8d4ff99-41c3-41a8-9f60-21dfdad59608')]",
      "Contributor": "[subscriptionResourceId('Microsoft.Authorization/roleDefinitions', 'b24988ac-6180-42a0-ab88-20f7382dd24c')]",
      "Owner": "[subscriptionResourceId('Microsoft.Authorization/roleDefinitions', '8e3af657-a8ff-443c-a75c-2fe8c4bcb635')]",
      "Reader": "[subscriptionResourceId('Microsoft.Authorization/roleDefinitions', 'acdd72a7-3385-48ef-bd42-f606fba81ae7')]",
      "Role Based Access Control Administrator (Preview)": "[subscriptionResourceId('Microsoft.Authorization/roleDefinitions', 'f58310d9-a9f6-439a-9e8d-f62e7b41a168')]",
      "User Access Administrator": "[subscriptionResourceId('Microsoft.Authorization/roleDefinitions', '18d7d88d-d35e-4fb5-a5c3-7773c20a72d9')]"
    }
  },
  "resources": {
    "cMKKeyVault::cMKKey": {
      "condition": "[and(not(empty(tryGet(parameters('customerManagedKey'), 'keyVaultResourceId'))), and(not(empty(tryGet(parameters('customerManagedKey'), 'keyVaultResourceId'))), not(empty(tryGet(parameters('customerManagedKey'), 'keyName')))))]",
      "existing": true,
      "type": "Microsoft.KeyVault/vaults/keys",
      "apiVersion": "2023-02-01",
      "subscriptionId": "[split(coalesce(tryGet(parameters('customerManagedKey'), 'keyVaultResourceId'), '//'), '/')[2]]",
      "resourceGroup": "[split(coalesce(tryGet(parameters('customerManagedKey'), 'keyVaultResourceId'), '////'), '/')[4]]",
      "name": "[format('{0}/{1}', last(split(coalesce(tryGet(parameters('customerManagedKey'), 'keyVaultResourceId'), 'dummyVault'), '/')), coalesce(tryGet(parameters('customerManagedKey'), 'keyName'), 'dummyKey'))]",
      "dependsOn": [
        "cMKKeyVault"
      ]
    },
    "defaultTelemetry": {
      "condition": "[parameters('enableDefaultTelemetry')]",
      "type": "Microsoft.Resources/deployments",
      "apiVersion": "2021-04-01",
      "name": "[format('pid-47ed15a6-730a-4827-bcb4-0fd963ffbd82-{0}', uniqueString(deployment().name, parameters('location')))]",
      "properties": {
        "mode": "Incremental",
        "template": {
          "$schema": "https://schema.management.azure.com/schemas/2019-04-01/deploymentTemplate.json#",
          "contentVersion": "1.0.0.0",
          "resources": []
        }
      }
    },
    "cMKKeyVault": {
      "condition": "[not(empty(tryGet(parameters('customerManagedKey'), 'keyVaultResourceId')))]",
      "existing": true,
      "type": "Microsoft.KeyVault/vaults",
      "apiVersion": "2023-02-01",
      "subscriptionId": "[split(coalesce(tryGet(parameters('customerManagedKey'), 'keyVaultResourceId'), '//'), '/')[2]]",
      "resourceGroup": "[split(coalesce(tryGet(parameters('customerManagedKey'), 'keyVaultResourceId'), '////'), '/')[4]]",
      "name": "[last(split(coalesce(tryGet(parameters('customerManagedKey'), 'keyVaultResourceId'), 'dummyVault'), '/'))]"
    },
    "cMKUserAssignedIdentity": {
      "condition": "[not(empty(tryGet(parameters('customerManagedKey'), 'userAssignedIdentityResourceId')))]",
      "existing": true,
      "type": "Microsoft.ManagedIdentity/userAssignedIdentities",
      "apiVersion": "2023-01-31",
      "subscriptionId": "[split(coalesce(tryGet(parameters('customerManagedKey'), 'userAssignedIdentityResourceId'), '//'), '/')[2]]",
      "resourceGroup": "[split(coalesce(tryGet(parameters('customerManagedKey'), 'userAssignedIdentityResourceId'), '////'), '/')[4]]",
      "name": "[last(split(coalesce(tryGet(parameters('customerManagedKey'), 'userAssignedIdentityResourceId'), 'dummyMsi'), '/'))]"
    },
    "registry": {
      "type": "Microsoft.ContainerRegistry/registries",
      "apiVersion": "2023-06-01-preview",
      "name": "[parameters('name')]",
      "location": "[parameters('location')]",
      "identity": "[variables('identity')]",
      "tags": "[parameters('tags')]",
      "sku": {
        "name": "[parameters('acrSku')]"
      },
      "properties": {
        "anonymousPullEnabled": "[parameters('anonymousPullEnabled')]",
        "adminUserEnabled": "[parameters('acrAdminUserEnabled')]",
        "encryption": "[if(not(empty(parameters('customerManagedKey'))), createObject('status', 'enabled', 'keyVaultProperties', createObject('identity', if(not(empty(coalesce(tryGet(parameters('customerManagedKey'), 'userAssignedIdentityResourceId'), ''))), reference('cMKUserAssignedIdentity').clientId, null()), 'keyIdentifier', if(not(empty(coalesce(tryGet(parameters('customerManagedKey'), 'keyVersion'), ''))), format('{0}/{1}', reference('cMKKeyVault::cMKKey').keyUri, parameters('customerManagedKey').keyVersion), reference('cMKKeyVault::cMKKey').keyUriWithVersion))), null())]",
        "policies": {
          "azureADAuthenticationAsArmPolicy": {
            "status": "[parameters('azureADAuthenticationAsArmPolicyStatus')]"
          },
          "exportPolicy": "[if(equals(parameters('acrSku'), 'Premium'), createObject('status', parameters('exportPolicyStatus')), null())]",
          "quarantinePolicy": {
            "status": "[parameters('quarantinePolicyStatus')]"
          },
          "trustPolicy": {
            "type": "Notary",
            "status": "[parameters('trustPolicyStatus')]"
          },
          "retentionPolicy": "[if(equals(parameters('acrSku'), 'Premium'), createObject('days', parameters('retentionPolicyDays'), 'status', parameters('retentionPolicyStatus')), null())]",
          "softDeletePolicy": {
            "retentionDays": "[parameters('softDeletePolicyDays')]",
            "status": "[parameters('softDeletePolicyStatus')]"
          }
        },
        "dataEndpointEnabled": "[parameters('dataEndpointEnabled')]",
        "publicNetworkAccess": "[if(not(empty(parameters('publicNetworkAccess'))), parameters('publicNetworkAccess'), if(and(not(empty(parameters('privateEndpoints'))), empty(parameters('networkRuleSetIpRules'))), 'Disabled', null()))]",
        "networkRuleBypassOptions": "[parameters('networkRuleBypassOptions')]",
        "networkRuleSet": "[if(not(empty(parameters('networkRuleSetIpRules'))), createObject('defaultAction', parameters('networkRuleSetDefaultAction'), 'ipRules', parameters('networkRuleSetIpRules')), null())]",
        "zoneRedundancy": "[if(equals(parameters('acrSku'), 'Premium'), parameters('zoneRedundancy'), null())]"
      },
      "dependsOn": [
        "cMKKeyVault",
        "cMKUserAssignedIdentity"
      ]
    },
    "registry_lock": {
      "condition": "[and(not(empty(coalesce(parameters('lock'), createObject()))), not(equals(tryGet(parameters('lock'), 'kind'), 'None')))]",
      "type": "Microsoft.Authorization/locks",
      "apiVersion": "2020-05-01",
      "scope": "[format('Microsoft.ContainerRegistry/registries/{0}', parameters('name'))]",
      "name": "[coalesce(tryGet(parameters('lock'), 'name'), format('lock-{0}', parameters('name')))]",
      "properties": {
        "level": "[coalesce(tryGet(parameters('lock'), 'kind'), '')]",
        "notes": "[if(equals(tryGet(parameters('lock'), 'kind'), 'CanNotDelete'), 'Cannot delete resource or child resources.', 'Cannot delete or modify the resource or child resources.')]"
      },
      "dependsOn": [
        "registry"
      ]
    },
    "registry_diagnosticSettings": {
      "copy": {
        "name": "registry_diagnosticSettings",
        "count": "[length(coalesce(parameters('diagnosticSettings'), createArray()))]"
      },
      "type": "Microsoft.Insights/diagnosticSettings",
      "apiVersion": "2021-05-01-preview",
      "scope": "[format('Microsoft.ContainerRegistry/registries/{0}', parameters('name'))]",
      "name": "[coalesce(tryGet(coalesce(parameters('diagnosticSettings'), createArray())[copyIndex()], 'name'), format('{0}-diagnosticSettings', parameters('name')))]",
      "properties": {
        "storageAccountId": "[tryGet(coalesce(parameters('diagnosticSettings'), createArray())[copyIndex()], 'storageAccountResourceId')]",
        "workspaceId": "[tryGet(coalesce(parameters('diagnosticSettings'), createArray())[copyIndex()], 'workspaceResourceId')]",
        "eventHubAuthorizationRuleId": "[tryGet(coalesce(parameters('diagnosticSettings'), createArray())[copyIndex()], 'eventHubAuthorizationRuleResourceId')]",
        "eventHubName": "[tryGet(coalesce(parameters('diagnosticSettings'), createArray())[copyIndex()], 'eventHubName')]",
        "metrics": "[coalesce(tryGet(coalesce(parameters('diagnosticSettings'), createArray())[copyIndex()], 'metricCategories'), createArray(createObject('category', 'AllMetrics', 'timeGrain', null(), 'enabled', true())))]",
        "logs": "[coalesce(tryGet(coalesce(parameters('diagnosticSettings'), createArray())[copyIndex()], 'logCategoriesAndGroups'), createArray(createObject('categoryGroup', 'AllLogs', 'enabled', true())))]",
        "marketplacePartnerId": "[tryGet(coalesce(parameters('diagnosticSettings'), createArray())[copyIndex()], 'marketplacePartnerResourceId')]",
        "logAnalyticsDestinationType": "[tryGet(coalesce(parameters('diagnosticSettings'), createArray())[copyIndex()], 'logAnalyticsDestinationType')]"
      },
      "dependsOn": [
        "registry"
      ]
    },
    "registry_roleAssignments": {
      "copy": {
        "name": "registry_roleAssignments",
        "count": "[length(coalesce(parameters('roleAssignments'), createArray()))]"
      },
      "type": "Microsoft.Authorization/roleAssignments",
      "apiVersion": "2022-04-01",
      "scope": "[format('Microsoft.ContainerRegistry/registries/{0}', parameters('name'))]",
      "name": "[guid(resourceId('Microsoft.ContainerRegistry/registries', parameters('name')), coalesce(parameters('roleAssignments'), createArray())[copyIndex()].principalId, coalesce(parameters('roleAssignments'), createArray())[copyIndex()].roleDefinitionIdOrName)]",
      "properties": {
        "roleDefinitionId": "[if(contains(variables('builtInRoleNames'), coalesce(parameters('roleAssignments'), createArray())[copyIndex()].roleDefinitionIdOrName), variables('builtInRoleNames')[coalesce(parameters('roleAssignments'), createArray())[copyIndex()].roleDefinitionIdOrName], if(contains(coalesce(parameters('roleAssignments'), createArray())[copyIndex()].roleDefinitionIdOrName, '/providers/Microsoft.Authorization/roleDefinitions/'), coalesce(parameters('roleAssignments'), createArray())[copyIndex()].roleDefinitionIdOrName, subscriptionResourceId('Microsoft.Authorization/roleDefinitions', coalesce(parameters('roleAssignments'), createArray())[copyIndex()].roleDefinitionIdOrName)))]",
        "principalId": "[coalesce(parameters('roleAssignments'), createArray())[copyIndex()].principalId]",
        "description": "[tryGet(coalesce(parameters('roleAssignments'), createArray())[copyIndex()], 'description')]",
        "principalType": "[tryGet(coalesce(parameters('roleAssignments'), createArray())[copyIndex()], 'principalType')]",
        "condition": "[tryGet(coalesce(parameters('roleAssignments'), createArray())[copyIndex()], 'condition')]",
        "conditionVersion": "[if(not(empty(tryGet(coalesce(parameters('roleAssignments'), createArray())[copyIndex()], 'condition'))), coalesce(tryGet(coalesce(parameters('roleAssignments'), createArray())[copyIndex()], 'conditionVersion'), '2.0'), null())]",
        "delegatedManagedIdentityResourceId": "[tryGet(coalesce(parameters('roleAssignments'), createArray())[copyIndex()], 'delegatedManagedIdentityResourceId')]"
      },
      "dependsOn": [
        "registry"
      ]
    },
    "registry_replications": {
      "copy": {
        "name": "registry_replications",
        "count": "[length(parameters('replications'))]"
      },
      "type": "Microsoft.Resources/deployments",
      "apiVersion": "2022-09-01",
      "name": "[format('{0}-Registry-Replication-{1}', uniqueString(deployment().name, parameters('location')), copyIndex())]",
      "properties": {
        "expressionEvaluationOptions": {
          "scope": "inner"
        },
        "mode": "Incremental",
        "parameters": {
          "name": {
            "value": "[parameters('replications')[copyIndex()].name]"
          },
          "registryName": {
            "value": "[parameters('name')]"
          },
          "location": {
            "value": "[parameters('replications')[copyIndex()].location]"
          },
          "regionEndpointEnabled": "[if(contains(parameters('replications')[copyIndex()], 'regionEndpointEnabled'), createObject('value', parameters('replications')[copyIndex()].regionEndpointEnabled), createObject('value', true()))]",
          "zoneRedundancy": "[if(contains(parameters('replications')[copyIndex()], 'zoneRedundancy'), createObject('value', parameters('replications')[copyIndex()].zoneRedundancy), createObject('value', 'Disabled'))]",
          "tags": {
            "value": "[coalesce(tryGet(parameters('replications')[copyIndex()], 'tags'), parameters('tags'))]"
          },
          "enableDefaultTelemetry": {
            "value": "[variables('enableReferencedModulesTelemetry')]"
          }
        },
        "template": {
          "$schema": "https://schema.management.azure.com/schemas/2019-04-01/deploymentTemplate.json#",
          "languageVersion": "2.0",
          "contentVersion": "1.0.0.0",
          "metadata": {
            "_generator": {
              "name": "bicep",
              "version": "0.23.1.45101",
              "templateHash": "17278738816613868587"
            },
            "name": "Azure Container Registry (ACR) Replications",
            "description": "This module deploys an Azure Container Registry (ACR) Replication.",
            "owner": "Azure/module-maintainers"
          },
          "parameters": {
            "registryName": {
              "type": "string",
              "metadata": {
                "description": "Conditional. The name of the parent registry. Required if the template is used in a standalone deployment."
              }
            },
            "name": {
              "type": "string",
              "metadata": {
                "description": "Required. The name of the replication."
              }
            },
            "location": {
              "type": "string",
              "defaultValue": "[resourceGroup().location]",
              "metadata": {
                "description": "Optional. Location for all resources."
              }
            },
            "tags": {
              "type": "object",
              "nullable": true,
              "metadata": {
                "description": "Optional. Tags of the resource."
              }
            },
            "regionEndpointEnabled": {
              "type": "bool",
              "defaultValue": true,
              "metadata": {
                "description": "Optional. Specifies whether the replication regional endpoint is enabled. Requests will not be routed to a replication whose regional endpoint is disabled, however its data will continue to be synced with other replications."
              }
            },
            "zoneRedundancy": {
              "type": "string",
              "defaultValue": "Disabled",
              "allowedValues": [
                "Disabled",
                "Enabled"
              ],
              "metadata": {
                "description": "Optional. Whether or not zone redundancy is enabled for this container registry."
              }
            },
            "enableDefaultTelemetry": {
              "type": "bool",
              "defaultValue": true,
              "metadata": {
                "description": "Optional. Enable telemetry via a Globally Unique Identifier (GUID)."
              }
            }
          },
          "resources": {
            "defaultTelemetry": {
              "condition": "[parameters('enableDefaultTelemetry')]",
              "type": "Microsoft.Resources/deployments",
              "apiVersion": "2021-04-01",
              "name": "[format('pid-47ed15a6-730a-4827-bcb4-0fd963ffbd82-{0}', uniqueString(deployment().name, parameters('location')))]",
              "properties": {
                "mode": "Incremental",
                "template": {
                  "$schema": "https://schema.management.azure.com/schemas/2019-04-01/deploymentTemplate.json#",
                  "contentVersion": "1.0.0.0",
                  "resources": []
                }
              }
            },
            "registry": {
              "existing": true,
              "type": "Microsoft.ContainerRegistry/registries",
              "apiVersion": "2023-06-01-preview",
              "name": "[parameters('registryName')]"
            },
            "replication": {
              "type": "Microsoft.ContainerRegistry/registries/replications",
              "apiVersion": "2023-06-01-preview",
              "name": "[format('{0}/{1}', parameters('registryName'), parameters('name'))]",
              "location": "[parameters('location')]",
              "tags": "[parameters('tags')]",
              "properties": {
                "regionEndpointEnabled": "[parameters('regionEndpointEnabled')]",
                "zoneRedundancy": "[parameters('zoneRedundancy')]"
              },
              "dependsOn": [
                "registry"
              ]
            }
          },
          "outputs": {
            "name": {
              "type": "string",
              "metadata": {
                "description": "The name of the replication."
              },
              "value": "[parameters('name')]"
            },
            "resourceId": {
              "type": "string",
              "metadata": {
                "description": "The resource ID of the replication."
              },
              "value": "[resourceId('Microsoft.ContainerRegistry/registries/replications', parameters('registryName'), parameters('name'))]"
            },
            "resourceGroupName": {
              "type": "string",
              "metadata": {
                "description": "The name of the resource group the replication was created in."
              },
              "value": "[resourceGroup().name]"
            },
            "location": {
              "type": "string",
              "metadata": {
                "description": "The location the resource was deployed into."
              },
              "value": "[reference('replication', '2023-06-01-preview', 'full').location]"
            }
          }
        }
      },
      "dependsOn": [
        "registry"
      ]
    },
    "registry_cacheRules": {
      "copy": {
        "name": "registry_cacheRules",
        "count": "[length(parameters('cacheRules'))]"
      },
      "type": "Microsoft.Resources/deployments",
      "apiVersion": "2022-09-01",
      "name": "[format('{0}-Registry-Cache-{1}', uniqueString(deployment().name, parameters('location')), copyIndex())]",
      "properties": {
        "expressionEvaluationOptions": {
          "scope": "inner"
        },
        "mode": "Incremental",
        "parameters": {
          "registryName": {
            "value": "[parameters('name')]"
          },
          "sourceRepository": {
            "value": "[parameters('cacheRules')[copyIndex()].sourceRepository]"
          },
          "name": "[if(contains(parameters('cacheRules')[copyIndex()], 'name'), createObject('value', parameters('cacheRules')[copyIndex()].name), createObject('value', replace(replace(parameters('cacheRules')[copyIndex()].sourceRepository, '/', '-'), '.', '-')))]",
          "targetRepository": "[if(contains(parameters('cacheRules')[copyIndex()], 'targetRepository'), createObject('value', parameters('cacheRules')[copyIndex()].targetRepository), createObject('value', parameters('cacheRules')[copyIndex()].sourceRepository))]",
          "credentialSetResourceId": "[if(contains(parameters('cacheRules')[copyIndex()], 'credentialSetResourceId'), createObject('value', parameters('cacheRules')[copyIndex()].credentialSetResourceId), createObject('value', ''))]",
          "enableDefaultTelemetry": {
            "value": "[variables('enableReferencedModulesTelemetry')]"
          }
        },
        "template": {
          "$schema": "https://schema.management.azure.com/schemas/2019-04-01/deploymentTemplate.json#",
          "contentVersion": "1.0.0.0",
          "metadata": {
            "_generator": {
              "name": "bicep",
              "version": "0.23.1.45101",
              "templateHash": "9350283035071510554"
            },
            "name": "Container Registries Cache",
            "description": "Cache for Azure Container Registry (Preview) feature allows users to cache container images in a private container registry. Cache for ACR, is a preview feature available in Basic, Standard, and Premium service tiers ([ref](https://learn.microsoft.com/en-us/azure/container-registry/tutorial-registry-cache)).",
            "owner": "Azure/module-maintainers"
          },
          "parameters": {
            "registryName": {
              "type": "string",
              "metadata": {
                "description": "Required. The name of the parent registry. Required if the template is used in a standalone deployment."
              }
            },
            "name": {
              "type": "string",
              "defaultValue": "[replace(replace(parameters('sourceRepository'), '/', '-'), '.', '-')]",
              "metadata": {
                "description": "Optional. The name of the cache rule. Will be dereived from the source repository name if not defined."
              }
            },
            "sourceRepository": {
              "type": "string",
              "metadata": {
                "description": "Required. Source repository pulled from upstream."
              }
            },
            "targetRepository": {
              "type": "string",
              "defaultValue": "[parameters('sourceRepository')]",
              "metadata": {
                "description": "Optional. Target repository specified in docker pull command. E.g.: docker pull myregistry.azurecr.io/{targetRepository}:{tag}."
              }
            },
            "credentialSetResourceId": {
              "type": "string",
              "defaultValue": "",
              "metadata": {
                "description": "Optional. The resource ID of the credential store which is associated with the cache rule."
              }
            },
            "enableDefaultTelemetry": {
              "type": "bool",
              "defaultValue": true,
              "metadata": {
                "description": "Optional. Enable telemetry via a Globally Unique Identifier (GUID)."
              }
            }
          },
          "resources": [
            {
              "condition": "[parameters('enableDefaultTelemetry')]",
              "type": "Microsoft.Resources/deployments",
              "apiVersion": "2021-04-01",
              "name": "[format('pid-47ed15a6-730a-4827-bcb4-0fd963ffbd82-{0}', uniqueString(deployment().name))]",
              "properties": {
                "mode": "Incremental",
                "template": {
                  "$schema": "https://schema.management.azure.com/schemas/2019-04-01/deploymentTemplate.json#",
                  "contentVersion": "1.0.0.0",
                  "resources": []
                }
              }
            },
            {
              "type": "Microsoft.ContainerRegistry/registries/cacheRules",
              "apiVersion": "2023-06-01-preview",
              "name": "[format('{0}/{1}', parameters('registryName'), parameters('name'))]",
              "properties": {
                "sourceRepository": "[parameters('sourceRepository')]",
                "targetRepository": "[parameters('targetRepository')]",
                "credentialSetResourceId": "[if(not(empty(parameters('credentialSetResourceId'))), parameters('credentialSetResourceId'), null())]"
              }
            }
          ],
          "outputs": {
            "name": {
              "type": "string",
              "metadata": {
                "description": "The Name of the Cache Rule."
              },
              "value": "[parameters('name')]"
            },
            "resourceGroupName": {
              "type": "string",
              "metadata": {
                "description": "The name of the Cache Rule."
              },
              "value": "[resourceGroup().name]"
            },
            "resourceId": {
              "type": "string",
              "metadata": {
                "description": "The resource ID of the Cache Rule."
              },
              "value": "[resourceId('Microsoft.ContainerRegistry/registries/cacheRules', parameters('registryName'), parameters('name'))]"
            }
          }
        }
      },
      "dependsOn": [
        "registry"
      ]
    },
    "registry_webhooks": {
      "copy": {
        "name": "registry_webhooks",
        "count": "[length(parameters('webhooks'))]"
      },
      "type": "Microsoft.Resources/deployments",
      "apiVersion": "2022-09-01",
      "name": "[format('{0}-Registry-Webhook-{1}', uniqueString(deployment().name, parameters('location')), copyIndex())]",
      "properties": {
        "expressionEvaluationOptions": {
          "scope": "inner"
        },
        "mode": "Incremental",
        "parameters": {
          "name": {
            "value": "[parameters('webhooks')[copyIndex()].name]"
          },
          "registryName": {
            "value": "[parameters('name')]"
          },
          "location": "[if(contains(parameters('webhooks')[copyIndex()], 'location'), createObject('value', parameters('webhooks')[copyIndex()].location), createObject('value', parameters('location')))]",
          "action": "[if(contains(parameters('webhooks')[copyIndex()], 'action'), createObject('value', parameters('webhooks')[copyIndex()].action), createObject('value', createArray('chart_delete', 'chart_push', 'delete', 'push', 'quarantine')))]",
          "customHeaders": "[if(contains(parameters('webhooks')[copyIndex()], 'customHeaders'), createObject('value', parameters('webhooks')[copyIndex()].customHeaders), createObject('value', createObject()))]",
          "scope": "[if(contains(parameters('webhooks')[copyIndex()], 'scope'), createObject('value', parameters('webhooks')[copyIndex()].scope), createObject('value', ''))]",
          "status": "[if(contains(parameters('webhooks')[copyIndex()], 'status'), createObject('value', parameters('webhooks')[copyIndex()].status), createObject('value', 'enabled'))]",
          "serviceUri": {
            "value": "[parameters('webhooks')[copyIndex()].serviceUri]"
          },
          "tags": {
            "value": "[coalesce(tryGet(parameters('webhooks')[copyIndex()], 'tags'), parameters('tags'))]"
          },
          "enableDefaultTelemetry": {
            "value": "[variables('enableReferencedModulesTelemetry')]"
          }
        },
        "template": {
          "$schema": "https://schema.management.azure.com/schemas/2019-04-01/deploymentTemplate.json#",
          "languageVersion": "2.0",
          "contentVersion": "1.0.0.0",
          "metadata": {
            "_generator": {
              "name": "bicep",
              "version": "0.23.1.45101",
              "templateHash": "4878566967080590991"
            },
            "name": "Azure Container Registry (ACR) Webhooks",
            "description": "This module deploys an Azure Container Registry (ACR) Webhook.",
            "owner": "Azure/module-maintainers"
          },
          "parameters": {
            "registryName": {
              "type": "string",
              "metadata": {
                "description": "Conditional. The name of the parent registry. Required if the template is used in a standalone deployment."
              }
            },
            "name": {
              "type": "string",
              "defaultValue": "[format('{0}webhook', parameters('registryName'))]",
              "minLength": 5,
              "maxLength": 50,
              "metadata": {
                "description": "Optional. The name of the registry webhook."
              }
            },
            "serviceUri": {
              "type": "string",
              "metadata": {
                "description": "Required. The service URI for the webhook to post notifications."
              }
            },
            "status": {
              "type": "string",
              "defaultValue": "enabled",
              "allowedValues": [
                "disabled",
                "enabled"
              ],
              "metadata": {
                "description": "Optional. The status of the webhook at the time the operation was called."
              }
            },
            "action": {
              "type": "array",
              "defaultValue": [
                "chart_delete",
                "chart_push",
                "delete",
                "push",
                "quarantine"
              ],
              "metadata": {
                "description": "Optional. The list of actions that trigger the webhook to post notifications."
              }
            },
            "location": {
              "type": "string",
              "defaultValue": "[resourceGroup().location]",
              "metadata": {
                "description": "Optional. Location for all resources."
              }
            },
            "tags": {
              "type": "object",
              "nullable": true,
              "metadata": {
                "description": "Optional. Tags of the resource."
              }
            },
            "customHeaders": {
              "type": "object",
              "defaultValue": {},
              "metadata": {
                "description": "Optional. Custom headers that will be added to the webhook notifications."
              }
            },
            "scope": {
              "type": "string",
              "defaultValue": "",
              "metadata": {
                "description": "Optional. The scope of repositories where the event can be triggered. For example, 'foo:*' means events for all tags under repository 'foo'. 'foo:bar' means events for 'foo:bar' only. 'foo' is equivalent to 'foo:latest'. Empty means all events."
              }
            },
            "enableDefaultTelemetry": {
              "type": "bool",
              "defaultValue": true,
              "metadata": {
                "description": "Optional. Enable telemetry via a Globally Unique Identifier (GUID)."
              }
            }
          },
          "resources": {
            "defaultTelemetry": {
              "condition": "[parameters('enableDefaultTelemetry')]",
              "type": "Microsoft.Resources/deployments",
              "apiVersion": "2021-04-01",
              "name": "[format('pid-47ed15a6-730a-4827-bcb4-0fd963ffbd82-{0}', uniqueString(deployment().name, parameters('location')))]",
              "properties": {
                "mode": "Incremental",
                "template": {
                  "$schema": "https://schema.management.azure.com/schemas/2019-04-01/deploymentTemplate.json#",
                  "contentVersion": "1.0.0.0",
                  "resources": []
                }
              }
            },
            "registry": {
              "existing": true,
              "type": "Microsoft.ContainerRegistry/registries",
              "apiVersion": "2023-06-01-preview",
              "name": "[parameters('registryName')]"
            },
            "webhook": {
              "type": "Microsoft.ContainerRegistry/registries/webhooks",
              "apiVersion": "2023-06-01-preview",
              "name": "[format('{0}/{1}', parameters('registryName'), parameters('name'))]",
              "location": "[parameters('location')]",
              "tags": "[parameters('tags')]",
              "properties": {
                "actions": "[parameters('action')]",
                "customHeaders": "[parameters('customHeaders')]",
                "scope": "[parameters('scope')]",
                "serviceUri": "[parameters('serviceUri')]",
                "status": "[parameters('status')]"
              },
              "dependsOn": [
                "registry"
              ]
            }
          },
          "outputs": {
            "resourceId": {
              "type": "string",
              "metadata": {
                "description": "The resource ID of the webhook."
              },
              "value": "[resourceId('Microsoft.ContainerRegistry/registries/webhooks', parameters('registryName'), parameters('name'))]"
            },
            "name": {
              "type": "string",
              "metadata": {
                "description": "The name of the webhook."
              },
              "value": "[parameters('name')]"
            },
            "resourceGroupName": {
              "type": "string",
              "metadata": {
                "description": "The name of the Azure container registry."
              },
              "value": "[resourceGroup().name]"
            },
            "actions": {
              "type": "array",
              "metadata": {
                "description": "The actions of the webhook."
              },
              "value": "[reference('webhook').actions]"
            },
            "status": {
              "type": "string",
              "metadata": {
                "description": "The status of the webhook."
              },
              "value": "[reference('webhook').status]"
            },
            "provistioningState": {
              "type": "string",
              "metadata": {
                "description": "The provisioning state of the webhook."
              },
              "value": "[reference('webhook').provisioningState]"
            },
            "location": {
              "type": "string",
              "metadata": {
                "description": "The location the resource was deployed into."
              },
              "value": "[reference('webhook', '2023-06-01-preview', 'full').location]"
            }
          }
        }
      },
      "dependsOn": [
        "registry"
      ]
    },
    "registry_privateEndpoints": {
      "copy": {
        "name": "registry_privateEndpoints",
        "count": "[length(coalesce(parameters('privateEndpoints'), createArray()))]"
      },
      "type": "Microsoft.Resources/deployments",
      "apiVersion": "2022-09-01",
      "name": "[format('{0}-registry-PrivateEndpoint-{1}', uniqueString(deployment().name, parameters('location')), copyIndex())]",
      "properties": {
        "expressionEvaluationOptions": {
          "scope": "inner"
        },
        "mode": "Incremental",
        "parameters": {
          "groupIds": {
            "value": [
              "[coalesce(tryGet(coalesce(parameters('privateEndpoints'), createArray())[copyIndex()], 'service'), 'registry')]"
            ]
          },
          "name": {
            "value": "[coalesce(tryGet(coalesce(parameters('privateEndpoints'), createArray())[copyIndex()], 'name'), format('pep-{0}-{1}-{2}', last(split(resourceId('Microsoft.ContainerRegistry/registries', parameters('name')), '/')), coalesce(tryGet(coalesce(parameters('privateEndpoints'), createArray())[copyIndex()], 'service'), 'registry'), copyIndex()))]"
          },
          "serviceResourceId": {
            "value": "[resourceId('Microsoft.ContainerRegistry/registries', parameters('name'))]"
          },
          "subnetResourceId": {
            "value": "[coalesce(parameters('privateEndpoints'), createArray())[copyIndex()].subnetResourceId]"
          },
          "enableDefaultTelemetry": {
            "value": "[coalesce(tryGet(coalesce(parameters('privateEndpoints'), createArray())[copyIndex()], 'enableDefaultTelemetry'), variables('enableReferencedModulesTelemetry'))]"
          },
          "location": {
            "value": "[coalesce(tryGet(coalesce(parameters('privateEndpoints'), createArray())[copyIndex()], 'location'), reference(split(coalesce(parameters('privateEndpoints'), createArray())[copyIndex()].subnetResourceId, '/subnets/')[0], '2020-06-01', 'Full').location)]"
          },
          "lock": {
            "value": "[coalesce(tryGet(coalesce(parameters('privateEndpoints'), createArray())[copyIndex()], 'lock'), parameters('lock'))]"
          },
          "privateDnsZoneGroupName": {
            "value": "[tryGet(coalesce(parameters('privateEndpoints'), createArray())[copyIndex()], 'privateDnsZoneGroupName')]"
          },
          "privateDnsZoneResourceIds": {
            "value": "[tryGet(coalesce(parameters('privateEndpoints'), createArray())[copyIndex()], 'privateDnsZoneResourceIds')]"
          },
          "roleAssignments": {
            "value": "[tryGet(coalesce(parameters('privateEndpoints'), createArray())[copyIndex()], 'roleAssignments')]"
          },
          "tags": {
            "value": "[coalesce(tryGet(coalesce(parameters('privateEndpoints'), createArray())[copyIndex()], 'tags'), parameters('tags'))]"
          },
          "manualPrivateLinkServiceConnections": {
            "value": "[tryGet(coalesce(parameters('privateEndpoints'), createArray())[copyIndex()], 'manualPrivateLinkServiceConnections')]"
          },
          "customDnsConfigs": {
            "value": "[tryGet(coalesce(parameters('privateEndpoints'), createArray())[copyIndex()], 'customDnsConfigs')]"
          },
          "ipConfigurations": {
            "value": "[tryGet(coalesce(parameters('privateEndpoints'), createArray())[copyIndex()], 'ipConfigurations')]"
          },
          "applicationSecurityGroupResourceIds": {
            "value": "[tryGet(coalesce(parameters('privateEndpoints'), createArray())[copyIndex()], 'applicationSecurityGroupResourceIds')]"
          },
          "customNetworkInterfaceName": {
            "value": "[tryGet(coalesce(parameters('privateEndpoints'), createArray())[copyIndex()], 'customNetworkInterfaceName')]"
          }
        },
        "template": {
          "$schema": "https://schema.management.azure.com/schemas/2019-04-01/deploymentTemplate.json#",
          "languageVersion": "2.0",
          "contentVersion": "1.0.0.0",
          "metadata": {
            "_generator": {
              "name": "bicep",
              "version": "0.23.1.45101",
              "templateHash": "6873008238043407177"
            },
            "name": "Private Endpoints",
            "description": "This module deploys a Private Endpoint.",
            "owner": "Azure/module-maintainers"
          },
          "definitions": {
            "roleAssignmentType": {
              "type": "array",
              "items": {
                "type": "object",
                "properties": {
                  "roleDefinitionIdOrName": {
                    "type": "string",
                    "metadata": {
                      "description": "Required. The name of the role to assign. If it cannot be found you can specify the role definition ID instead."
                    }
                  },
                  "principalId": {
                    "type": "string",
                    "metadata": {
                      "description": "Required. The principal ID of the principal (user/group/identity) to assign the role to."
                    }
                  },
                  "principalType": {
                    "type": "string",
                    "allowedValues": [
                      "Device",
                      "ForeignGroup",
                      "Group",
                      "ServicePrincipal",
                      "User"
                    ],
                    "nullable": true,
                    "metadata": {
                      "description": "Optional. The principal type of the assigned principal ID."
                    }
                  },
                  "description": {
                    "type": "string",
                    "nullable": true,
                    "metadata": {
                      "description": "Optional. The description of the role assignment."
                    }
                  },
                  "condition": {
                    "type": "string",
                    "nullable": true,
                    "metadata": {
                      "description": "Optional. The conditions on the role assignment. This limits the resources it can be assigned to. e.g.: @Resource[Microsoft.Storage/storageAccounts/blobServices/containers:ContainerName] StringEqualsIgnoreCase \"foo_storage_container\""
                    }
                  },
                  "conditionVersion": {
                    "type": "string",
                    "allowedValues": [
                      "2.0"
                    ],
                    "nullable": true,
                    "metadata": {
                      "description": "Optional. Version of the condition."
                    }
                  },
                  "delegatedManagedIdentityResourceId": {
                    "type": "string",
                    "nullable": true,
                    "metadata": {
                      "description": "Optional. The Resource Id of the delegated managed identity resource."
                    }
                  }
                }
              },
              "nullable": true
            },
            "lockType": {
              "type": "object",
              "properties": {
                "name": {
                  "type": "string",
                  "nullable": true,
                  "metadata": {
                    "description": "Optional. Specify the name of lock."
                  }
                },
                "kind": {
                  "type": "string",
                  "allowedValues": [
                    "CanNotDelete",
                    "None",
                    "ReadOnly"
                  ],
                  "nullable": true,
                  "metadata": {
                    "description": "Optional. Specify the type of lock."
                  }
                }
              },
              "nullable": true
            },
            "ipConfigurationsType": {
              "type": "array",
              "items": {
                "type": "object",
                "properties": {
                  "name": {
                    "type": "string",
                    "metadata": {
                      "description": "Required. The name of the resource that is unique within a resource group."
                    }
                  },
                  "properties": {
                    "type": "object",
                    "properties": {
                      "groupId": {
                        "type": "string",
                        "metadata": {
                          "description": "Required. The ID of a group obtained from the remote resource that this private endpoint should connect to."
                        }
                      },
                      "memberName": {
                        "type": "string",
                        "metadata": {
                          "description": "Required. The member name of a group obtained from the remote resource that this private endpoint should connect to."
                        }
                      },
                      "privateIPAddress": {
                        "type": "string",
                        "metadata": {
                          "description": "Required. A private ip address obtained from the private endpoint's subnet."
                        }
                      }
                    },
                    "metadata": {
                      "description": "Required. Properties of private endpoint IP configurations."
                    }
                  }
                }
              },
              "nullable": true
            },
            "customDnsConfigType": {
              "type": "array",
              "items": {
                "type": "object",
                "properties": {
                  "fqdn": {
                    "type": "string",
                    "metadata": {
                      "description": "Required. Fqdn that resolves to private endpoint ip address."
                    }
                  },
                  "ipAddresses": {
                    "type": "array",
                    "items": {
                      "type": "string"
                    },
                    "metadata": {
                      "description": "Required. A list of private ip addresses of the private endpoint."
                    }
                  }
                }
              },
              "nullable": true
            }
          },
          "parameters": {
            "name": {
              "type": "string",
              "metadata": {
                "description": "Required. Name of the private endpoint resource to create."
              }
            },
            "subnetResourceId": {
              "type": "string",
              "metadata": {
                "description": "Required. Resource ID of the subnet where the endpoint needs to be created."
              }
            },
            "serviceResourceId": {
              "type": "string",
              "metadata": {
                "description": "Required. Resource ID of the resource that needs to be connected to the network."
              }
            },
            "applicationSecurityGroupResourceIds": {
              "type": "array",
              "nullable": true,
              "metadata": {
                "description": "Optional. Application security groups in which the private endpoint IP configuration is included."
              }
            },
            "customNetworkInterfaceName": {
              "type": "string",
              "nullable": true,
              "metadata": {
                "description": "Optional. The custom name of the network interface attached to the private endpoint."
              }
            },
            "ipConfigurations": {
              "$ref": "#/definitions/ipConfigurationsType",
              "nullable": true,
              "metadata": {
                "description": "Optional. A list of IP configurations of the private endpoint. This will be used to map to the First Party Service endpoints."
              }
            },
            "groupIds": {
              "type": "array",
              "metadata": {
                "description": "Required. Subtype(s) of the connection to be created. The allowed values depend on the type serviceResourceId refers to."
              }
            },
            "privateDnsZoneGroupName": {
              "type": "string",
              "nullable": true,
              "metadata": {
                "description": "Optional. The name of the private DNS zone group to create if `privateDnsZoneResourceIds` were provided."
              }
            },
            "privateDnsZoneResourceIds": {
              "type": "array",
              "nullable": true,
              "metadata": {
                "description": "Optional. The private DNS zone groups to associate the private endpoint. A DNS zone group can support up to 5 DNS zones."
              }
            },
            "location": {
              "type": "string",
              "defaultValue": "[resourceGroup().location]",
              "metadata": {
                "description": "Optional. Location for all Resources."
              }
            },
            "lock": {
              "$ref": "#/definitions/lockType",
              "metadata": {
                "description": "Optional. The lock settings of the service."
              }
            },
            "roleAssignments": {
              "$ref": "#/definitions/roleAssignmentType",
              "metadata": {
                "description": "Optional. Array of role assignment objects that contain the 'roleDefinitionIdOrName' and 'principalId' to define RBAC role assignments on this resource. In the roleDefinitionIdOrName attribute, you can provide either the display name of the role definition, or its fully qualified ID in the following format: '/providers/Microsoft.Authorization/roleDefinitions/c2f4ef07-c644-48eb-af81-4b1b4947fb11'."
              }
            },
            "tags": {
              "type": "object",
              "nullable": true,
              "metadata": {
                "description": "Optional. Tags to be applied on all resources/resource groups in this deployment."
              }
            },
            "customDnsConfigs": {
              "$ref": "#/definitions/customDnsConfigType",
              "nullable": true,
              "metadata": {
                "description": "Optional. Custom DNS configurations."
              }
            },
            "manualPrivateLinkServiceConnections": {
              "type": "array",
              "nullable": true,
              "metadata": {
                "description": "Optional. Manual PrivateLink Service Connections."
              }
            },
            "enableDefaultTelemetry": {
              "type": "bool",
              "defaultValue": true,
              "metadata": {
                "description": "Optional. Enable/Disable usage telemetry for module."
              }
            }
          },
          "variables": {
            "enableReferencedModulesTelemetry": false,
            "builtInRoleNames": {
              "Contributor": "[subscriptionResourceId('Microsoft.Authorization/roleDefinitions', 'b24988ac-6180-42a0-ab88-20f7382dd24c')]",
              "DNS Resolver Contributor": "[subscriptionResourceId('Microsoft.Authorization/roleDefinitions', '0f2ebee7-ffd4-4fc0-b3b7-664099fdad5d')]",
              "DNS Zone Contributor": "[subscriptionResourceId('Microsoft.Authorization/roleDefinitions', 'befefa01-2a29-4197-83a8-272ff33ce314')]",
              "Domain Services Contributor": "[subscriptionResourceId('Microsoft.Authorization/roleDefinitions', 'eeaeda52-9324-47f6-8069-5d5bade478b2')]",
              "Domain Services Reader": "[subscriptionResourceId('Microsoft.Authorization/roleDefinitions', '361898ef-9ed1-48c2-849c-a832951106bb')]",
              "Network Contributor": "[subscriptionResourceId('Microsoft.Authorization/roleDefinitions', '4d97b98b-1d4f-4787-a291-c67834d212e7')]",
              "Owner": "[subscriptionResourceId('Microsoft.Authorization/roleDefinitions', '8e3af657-a8ff-443c-a75c-2fe8c4bcb635')]",
              "Private DNS Zone Contributor": "[subscriptionResourceId('Microsoft.Authorization/roleDefinitions', 'b12aa53e-6015-4669-85d0-8515ebb3ae7f')]",
              "Reader": "[subscriptionResourceId('Microsoft.Authorization/roleDefinitions', 'acdd72a7-3385-48ef-bd42-f606fba81ae7')]",
              "Role Based Access Control Administrator (Preview)": "[subscriptionResourceId('Microsoft.Authorization/roleDefinitions', 'f58310d9-a9f6-439a-9e8d-f62e7b41a168')]"
            }
          },
          "resources": {
            "defaultTelemetry": {
              "condition": "[parameters('enableDefaultTelemetry')]",
              "type": "Microsoft.Resources/deployments",
              "apiVersion": "2021-04-01",
              "name": "[format('pid-47ed15a6-730a-4827-bcb4-0fd963ffbd82-{0}', uniqueString(deployment().name, parameters('location')))]",
              "properties": {
                "mode": "Incremental",
                "template": {
                  "$schema": "https://schema.management.azure.com/schemas/2019-04-01/deploymentTemplate.json#",
                  "contentVersion": "1.0.0.0",
                  "resources": []
                }
              }
            },
            "privateEndpoint": {
              "type": "Microsoft.Network/privateEndpoints",
              "apiVersion": "2023-04-01",
              "name": "[parameters('name')]",
              "location": "[parameters('location')]",
              "tags": "[parameters('tags')]",
              "properties": {
                "copy": [
                  {
                    "name": "applicationSecurityGroups",
                    "count": "[length(coalesce(parameters('applicationSecurityGroupResourceIds'), createArray()))]",
                    "input": {
                      "id": "[coalesce(parameters('applicationSecurityGroupResourceIds'), createArray())[copyIndex('applicationSecurityGroups')]]"
                    }
                  }
                ],
                "customDnsConfigs": "[parameters('customDnsConfigs')]",
                "customNetworkInterfaceName": "[coalesce(parameters('customNetworkInterfaceName'), '')]",
                "ipConfigurations": "[coalesce(parameters('ipConfigurations'), createArray())]",
                "manualPrivateLinkServiceConnections": "[coalesce(parameters('manualPrivateLinkServiceConnections'), createArray())]",
                "privateLinkServiceConnections": [
                  {
                    "name": "[parameters('name')]",
                    "properties": {
                      "privateLinkServiceId": "[parameters('serviceResourceId')]",
                      "groupIds": "[parameters('groupIds')]"
                    }
                  }
                ],
                "subnet": {
                  "id": "[parameters('subnetResourceId')]"
                }
              }
            },
            "privateEndpoint_lock": {
              "condition": "[and(not(empty(coalesce(parameters('lock'), createObject()))), not(equals(tryGet(parameters('lock'), 'kind'), 'None')))]",
              "type": "Microsoft.Authorization/locks",
              "apiVersion": "2020-05-01",
              "scope": "[format('Microsoft.Network/privateEndpoints/{0}', parameters('name'))]",
              "name": "[coalesce(tryGet(parameters('lock'), 'name'), format('lock-{0}', parameters('name')))]",
              "properties": {
                "level": "[coalesce(tryGet(parameters('lock'), 'kind'), '')]",
                "notes": "[if(equals(tryGet(parameters('lock'), 'kind'), 'CanNotDelete'), 'Cannot delete resource or child resources.', 'Cannot delete or modify the resource or child resources.')]"
              },
              "dependsOn": [
                "privateEndpoint"
              ]
            },
            "privateEndpoint_roleAssignments": {
              "copy": {
                "name": "privateEndpoint_roleAssignments",
                "count": "[length(coalesce(parameters('roleAssignments'), createArray()))]"
              },
              "type": "Microsoft.Authorization/roleAssignments",
              "apiVersion": "2022-04-01",
              "scope": "[format('Microsoft.Network/privateEndpoints/{0}', parameters('name'))]",
              "name": "[guid(resourceId('Microsoft.Network/privateEndpoints', parameters('name')), coalesce(parameters('roleAssignments'), createArray())[copyIndex()].principalId, coalesce(parameters('roleAssignments'), createArray())[copyIndex()].roleDefinitionIdOrName)]",
              "properties": {
                "roleDefinitionId": "[if(contains(variables('builtInRoleNames'), coalesce(parameters('roleAssignments'), createArray())[copyIndex()].roleDefinitionIdOrName), variables('builtInRoleNames')[coalesce(parameters('roleAssignments'), createArray())[copyIndex()].roleDefinitionIdOrName], coalesce(parameters('roleAssignments'), createArray())[copyIndex()].roleDefinitionIdOrName)]",
                "principalId": "[coalesce(parameters('roleAssignments'), createArray())[copyIndex()].principalId]",
                "description": "[tryGet(coalesce(parameters('roleAssignments'), createArray())[copyIndex()], 'description')]",
                "principalType": "[tryGet(coalesce(parameters('roleAssignments'), createArray())[copyIndex()], 'principalType')]",
                "condition": "[tryGet(coalesce(parameters('roleAssignments'), createArray())[copyIndex()], 'condition')]",
                "conditionVersion": "[if(not(empty(tryGet(coalesce(parameters('roleAssignments'), createArray())[copyIndex()], 'condition'))), coalesce(tryGet(coalesce(parameters('roleAssignments'), createArray())[copyIndex()], 'conditionVersion'), '2.0'), null())]",
                "delegatedManagedIdentityResourceId": "[tryGet(coalesce(parameters('roleAssignments'), createArray())[copyIndex()], 'delegatedManagedIdentityResourceId')]"
              },
              "dependsOn": [
                "privateEndpoint"
              ]
            },
            "privateEndpoint_privateDnsZoneGroup": {
              "condition": "[not(empty(parameters('privateDnsZoneResourceIds')))]",
              "type": "Microsoft.Resources/deployments",
              "apiVersion": "2022-09-01",
              "name": "[format('{0}-PrivateEndpoint-PrivateDnsZoneGroup', uniqueString(deployment().name))]",
              "properties": {
                "expressionEvaluationOptions": {
                  "scope": "inner"
                },
                "mode": "Incremental",
                "parameters": {
                  "name": {
                    "value": "[coalesce(parameters('privateDnsZoneGroupName'), 'default')]"
                  },
                  "privateDNSResourceIds": {
                    "value": "[coalesce(parameters('privateDnsZoneResourceIds'), createArray())]"
                  },
                  "privateEndpointName": {
                    "value": "[parameters('name')]"
                  },
                  "enableDefaultTelemetry": {
                    "value": "[variables('enableReferencedModulesTelemetry')]"
                  }
                },
                "template": {
                  "$schema": "https://schema.management.azure.com/schemas/2019-04-01/deploymentTemplate.json#",
                  "contentVersion": "1.0.0.0",
                  "metadata": {
                    "_generator": {
                      "name": "bicep",
                      "version": "0.23.1.45101",
                      "templateHash": "17578977753131828304"
                    },
                    "name": "Private Endpoint Private DNS Zone Groups",
                    "description": "This module deploys a Private Endpoint Private DNS Zone Group.",
                    "owner": "Azure/module-maintainers"
                  },
                  "parameters": {
                    "privateEndpointName": {
                      "type": "string",
                      "metadata": {
                        "description": "Conditional. The name of the parent private endpoint. Required if the template is used in a standalone deployment."
                      }
                    },
                    "privateDNSResourceIds": {
                      "type": "array",
                      "minLength": 1,
                      "maxLength": 5,
                      "metadata": {
                        "description": "Required. Array of private DNS zone resource IDs. A DNS zone group can support up to 5 DNS zones."
                      }
                    },
                    "name": {
                      "type": "string",
                      "defaultValue": "default",
                      "metadata": {
                        "description": "Optional. The name of the private DNS zone group."
                      }
                    },
                    "enableDefaultTelemetry": {
                      "type": "bool",
                      "defaultValue": true,
                      "metadata": {
                        "description": "Optional. Enable/Disable usage telemetry for module."
                      }
                    }
                  },
                  "variables": {
                    "copy": [
                      {
                        "name": "privateDnsZoneConfigs",
                        "count": "[length(parameters('privateDNSResourceIds'))]",
                        "input": {
                          "name": "[last(split(parameters('privateDNSResourceIds')[copyIndex('privateDnsZoneConfigs')], '/'))]",
                          "properties": {
                            "privateDnsZoneId": "[parameters('privateDNSResourceIds')[copyIndex('privateDnsZoneConfigs')]]"
                          }
                        }
                      }
                    ]
                  },
                  "resources": [
                    {
                      "condition": "[parameters('enableDefaultTelemetry')]",
                      "type": "Microsoft.Resources/deployments",
                      "apiVersion": "2021-04-01",
                      "name": "[format('pid-47ed15a6-730a-4827-bcb4-0fd963ffbd82-{0}', uniqueString(deployment().name))]",
                      "properties": {
                        "mode": "Incremental",
                        "template": {
                          "$schema": "https://schema.management.azure.com/schemas/2019-04-01/deploymentTemplate.json#",
                          "contentVersion": "1.0.0.0",
                          "resources": []
                        }
                      }
                    },
                    {
                      "type": "Microsoft.Network/privateEndpoints/privateDnsZoneGroups",
                      "apiVersion": "2023-04-01",
                      "name": "[format('{0}/{1}', parameters('privateEndpointName'), parameters('name'))]",
                      "properties": {
                        "privateDnsZoneConfigs": "[variables('privateDnsZoneConfigs')]"
                      }
                    }
                  ],
                  "outputs": {
                    "name": {
                      "type": "string",
                      "metadata": {
                        "description": "The name of the private endpoint DNS zone group."
                      },
                      "value": "[parameters('name')]"
                    },
                    "resourceId": {
                      "type": "string",
                      "metadata": {
                        "description": "The resource ID of the private endpoint DNS zone group."
                      },
                      "value": "[resourceId('Microsoft.Network/privateEndpoints/privateDnsZoneGroups', parameters('privateEndpointName'), parameters('name'))]"
                    },
                    "resourceGroupName": {
                      "type": "string",
                      "metadata": {
                        "description": "The resource group the private endpoint DNS zone group was deployed into."
                      },
                      "value": "[resourceGroup().name]"
                    }
                  }
                }
              },
              "dependsOn": [
                "privateEndpoint"
              ]
            }
          },
          "outputs": {
            "resourceGroupName": {
              "type": "string",
              "metadata": {
                "description": "The resource group the private endpoint was deployed into."
              },
              "value": "[resourceGroup().name]"
            },
            "resourceId": {
              "type": "string",
              "metadata": {
                "description": "The resource ID of the private endpoint."
              },
              "value": "[resourceId('Microsoft.Network/privateEndpoints', parameters('name'))]"
            },
            "name": {
              "type": "string",
              "metadata": {
                "description": "The name of the private endpoint."
              },
              "value": "[parameters('name')]"
            },
            "location": {
              "type": "string",
              "metadata": {
                "description": "The location the resource was deployed into."
              },
              "value": "[reference('privateEndpoint', '2023-04-01', 'full').location]"
            }
          }
        }
      },
      "dependsOn": [
        "registry"
      ]
    }
  },
  "outputs": {
    "name": {
      "type": "string",
      "metadata": {
        "description": "The Name of the Azure container registry."
      },
      "value": "[parameters('name')]"
    },
    "loginServer": {
      "type": "string",
      "metadata": {
        "description": "The reference to the Azure container registry."
      },
      "value": "[reference(resourceId('Microsoft.ContainerRegistry/registries', parameters('name')), '2019-05-01').loginServer]"
    },
    "resourceGroupName": {
      "type": "string",
      "metadata": {
        "description": "The name of the Azure container registry."
      },
      "value": "[resourceGroup().name]"
    },
    "resourceId": {
      "type": "string",
      "metadata": {
        "description": "The resource ID of the Azure container registry."
      },
      "value": "[resourceId('Microsoft.ContainerRegistry/registries', parameters('name'))]"
    },
    "systemAssignedMIPrincipalId": {
      "type": "string",
      "metadata": {
        "description": "The principal ID of the system assigned identity."
      },
      "value": "[if(and(coalesce(tryGet(parameters('managedIdentities'), 'systemAssigned'), false()), contains(reference('registry', '2023-06-01-preview', 'full').identity, 'principalId')), reference('registry', '2023-06-01-preview', 'full').identity.principalId, '')]"
    },
    "location": {
      "type": "string",
      "metadata": {
        "description": "The location the resource was deployed into."
      },
      "value": "[reference('registry', '2023-06-01-preview', 'full').location]"
    }
  }
}