{
  "$schema": "https://schema.management.azure.com/schemas/2019-08-01/managementGroupDeploymentTemplate.json#",
  "contentVersion": "1.0.0.0",
  "metadata": {
    "_generator": {
      "name": "bicep",
      "version": "0.23.1.45101",
      "templateHash": "1518485483876836980"
    },
    "name": "Policy Definitions (All scopes)",
    "description": "This module deploys a Policy Definition at a Management Group or Subscription scope.",
    "owner": "Azure/module-maintainers"
  },
  "parameters": {
    "name": {
      "type": "string",
      "maxLength": 64,
      "metadata": {
        "description": "Required. Specifies the name of the policy definition. Maximum length is 64 characters for management group scope and subscription scope."
      }
    },
    "displayName": {
      "type": "string",
      "defaultValue": "",
      "maxLength": 128,
      "metadata": {
        "description": "Optional. The display name of the policy definition. Maximum length is 128 characters."
      }
    },
    "description": {
      "type": "string",
      "defaultValue": "",
      "metadata": {
        "description": "Optional. The policy definition description."
      }
    },
    "mode": {
      "type": "string",
      "defaultValue": "All",
      "allowedValues": [
        "All",
        "Indexed",
        "Microsoft.KeyVault.Data",
        "Microsoft.ContainerService.Data",
        "Microsoft.Kubernetes.Data",
        "Microsoft.Network.Data"
      ],
      "metadata": {
        "description": "Optional. The policy definition mode. Default is All, Some examples are All, Indexed, Microsoft.KeyVault.Data."
      }
    },
    "metadata": {
      "type": "object",
      "defaultValue": {},
      "metadata": {
        "description": "Optional. The policy Definition metadata. Metadata is an open ended object and is typically a collection of key-value pairs."
      }
    },
    "parameters": {
      "type": "object",
      "defaultValue": {},
      "metadata": {
        "description": "Optional. The policy definition parameters that can be used in policy definition references."
      }
    },
    "policyRule": {
      "type": "object",
      "metadata": {
        "description": "Required. The Policy Rule details for the Policy Definition."
      }
    },
    "managementGroupId": {
      "type": "string",
      "defaultValue": "[managementGroup().name]",
      "metadata": {
        "description": "Optional. The group ID of the Management Group (Scope). If not provided, will use the current scope for deployment."
      }
    },
    "subscriptionId": {
      "type": "string",
      "defaultValue": "",
      "metadata": {
        "description": "Optional. The subscription ID of the subscription (Scope). Cannot be used with managementGroupId."
      }
    },
    "location": {
      "type": "string",
      "defaultValue": "[deployment().location]",
      "metadata": {
        "description": "Optional. Location deployment metadata."
      }
    },
    "enableDefaultTelemetry": {
      "type": "bool",
      "defaultValue": true,
      "metadata": {
        "description": "Optional. Enable telemetry via a Globally Unique Identifier (GUID)."
      }
    }
  },
  "variables": {
    "enableReferencedModulesTelemetry": false
  },
  "resources": [
    {
      "condition": "[parameters('enableDefaultTelemetry')]",
      "type": "Microsoft.Resources/deployments",
      "apiVersion": "2021-04-01",
      "name": "[format('pid-47ed15a6-730a-4827-bcb4-0fd963ffbd82-{0}', uniqueString(deployment().name, parameters('location')))]",
      "location": "[parameters('location')]",
      "properties": {
        "mode": "Incremental",
        "template": {
          "$schema": "https://schema.management.azure.com/schemas/2019-04-01/deploymentTemplate.json#",
          "contentVersion": "1.0.0.0",
          "resources": []
        }
      }
    },
    {
      "condition": "[empty(parameters('subscriptionId'))]",
      "type": "Microsoft.Resources/deployments",
      "apiVersion": "2022-09-01",
      "name": "[format('{0}-PolicyDefinition-MG-Module', uniqueString(deployment().name, parameters('location')))]",
      "scope": "[format('Microsoft.Management/managementGroups/{0}', parameters('managementGroupId'))]",
      "location": "[deployment().location]",
      "properties": {
        "expressionEvaluationOptions": {
          "scope": "inner"
        },
        "mode": "Incremental",
        "parameters": {
          "name": {
            "value": "[parameters('name')]"
          },
          "mode": {
            "value": "[parameters('mode')]"
          },
          "displayName": "[if(not(empty(parameters('displayName'))), createObject('value', parameters('displayName')), createObject('value', ''))]",
          "description": "[if(not(empty(parameters('description'))), createObject('value', parameters('description')), createObject('value', ''))]",
          "metadata": "[if(not(empty(parameters('metadata'))), createObject('value', parameters('metadata')), createObject('value', createObject()))]",
          "parameters": "[if(not(empty(parameters('parameters'))), createObject('value', parameters('parameters')), createObject('value', createObject()))]",
          "policyRule": {
            "value": "[parameters('policyRule')]"
          },
          "location": {
            "value": "[parameters('location')]"
          },
          "enableDefaultTelemetry": {
            "value": "[variables('enableReferencedModulesTelemetry')]"
          }
        },
        "template": {
          "$schema": "https://schema.management.azure.com/schemas/2019-08-01/managementGroupDeploymentTemplate.json#",
          "contentVersion": "1.0.0.0",
          "metadata": {
            "_generator": {
              "name": "bicep",
              "version": "0.23.1.45101",
              "templateHash": "2259464056966333575"
            },
            "name": "Policy Definitions (Management Group scope)",
            "description": "This module deploys a Policy Definition at a Management Group scope.",
            "owner": "Azure/module-maintainers"
          },
          "parameters": {
            "name": {
              "type": "string",
              "maxLength": 64,
              "metadata": {
                "description": "Required. Specifies the name of the policy definition. Maximum length is 64 characters."
              }
            },
            "displayName": {
              "type": "string",
              "defaultValue": "",
              "maxLength": 128,
              "metadata": {
                "description": "Optional. The display name of the policy definition. Maximum length is 128 characters."
              }
            },
            "description": {
              "type": "string",
              "defaultValue": "",
              "metadata": {
                "description": "Optional. The policy definition description."
              }
            },
            "mode": {
              "type": "string",
              "defaultValue": "All",
              "allowedValues": [
                "All",
                "Indexed",
                "Microsoft.KeyVault.Data",
                "Microsoft.ContainerService.Data",
                "Microsoft.Kubernetes.Data",
                "Microsoft.Network.Data"
              ],
              "metadata": {
                "description": "Optional. The policy definition mode. Default is All, Some examples are All, Indexed, Microsoft.KeyVault.Data."
              }
            },
            "metadata": {
              "type": "object",
              "defaultValue": {},
              "metadata": {
                "description": "Optional. The policy Definition metadata. Metadata is an open ended object and is typically a collection of key-value pairs."
              }
            },
            "parameters": {
              "type": "object",
              "defaultValue": {},
              "metadata": {
                "description": "Optional. The policy definition parameters that can be used in policy definition references."
              }
            },
            "policyRule": {
              "type": "object",
              "metadata": {
                "description": "Required. The Policy Rule details for the Policy Definition."
              }
            },
            "location": {
              "type": "string",
              "defaultValue": "[deployment().location]",
              "metadata": {
                "description": "Optional. Location deployment metadata."
              }
            },
            "enableDefaultTelemetry": {
              "type": "bool",
              "defaultValue": true,
              "metadata": {
                "description": "Optional. Enable telemetry via a Globally Unique Identifier (GUID)."
              }
            }
          },
          "resources": [
            {
              "condition": "[parameters('enableDefaultTelemetry')]",
              "type": "Microsoft.Resources/deployments",
              "apiVersion": "2021-04-01",
              "name": "[format('pid-47ed15a6-730a-4827-bcb4-0fd963ffbd82-{0}', uniqueString(deployment().name, parameters('location')))]",
              "location": "[parameters('location')]",
              "properties": {
                "mode": "Incremental",
                "template": {
                  "$schema": "https://schema.management.azure.com/schemas/2019-04-01/deploymentTemplate.json#",
                  "contentVersion": "1.0.0.0",
                  "resources": []
                }
              }
            },
            {
              "type": "Microsoft.Authorization/policyDefinitions",
              "apiVersion": "2021-06-01",
              "name": "[parameters('name')]",
              "properties": {
                "policyType": "Custom",
                "mode": "[parameters('mode')]",
                "displayName": "[if(not(empty(parameters('displayName'))), parameters('displayName'), null())]",
                "description": "[if(not(empty(parameters('description'))), parameters('description'), null())]",
                "metadata": "[if(not(empty(parameters('metadata'))), parameters('metadata'), null())]",
                "parameters": "[if(not(empty(parameters('parameters'))), parameters('parameters'), null())]",
                "policyRule": "[parameters('policyRule')]"
              }
            }
          ],
          "outputs": {
            "name": {
              "type": "string",
              "metadata": {
                "description": "Policy Definition Name."
              },
              "value": "[parameters('name')]"
            },
            "resourceId": {
              "type": "string",
              "metadata": {
                "description": "Policy Definition resource ID."
              },
              "value": "[extensionResourceId(managementGroup().id, 'Microsoft.Authorization/policyDefinitions', parameters('name'))]"
            },
            "roleDefinitionIds": {
              "type": "array",
              "metadata": {
                "description": "Policy Definition Role Definition IDs."
              },
              "value": "[if(contains(reference(extensionResourceId(managementGroup().id, 'Microsoft.Authorization/policyDefinitions', parameters('name')), '2021-06-01').policyRule.then, 'details'), if(contains(reference(extensionResourceId(managementGroup().id, 'Microsoft.Authorization/policyDefinitions', parameters('name')), '2021-06-01').policyRule.then.details, 'roleDefinitionIds'), reference(extensionResourceId(managementGroup().id, 'Microsoft.Authorization/policyDefinitions', parameters('name')), '2021-06-01').policyRule.then.details.roleDefinitionIds, createArray()), createArray())]"
            }
          }
        }
      }
    },
    {
      "condition": "[not(empty(parameters('subscriptionId')))]",
      "type": "Microsoft.Resources/deployments",
      "apiVersion": "2022-09-01",
      "name": "[format('{0}-PolicyDefinition-Sub-Module', uniqueString(deployment().name, parameters('location')))]",
      "subscriptionId": "[parameters('subscriptionId')]",
      "location": "[deployment().location]",
      "properties": {
        "expressionEvaluationOptions": {
          "scope": "inner"
        },
        "mode": "Incremental",
        "parameters": {
          "name": {
            "value": "[parameters('name')]"
          },
          "mode": {
            "value": "[parameters('mode')]"
          },
          "displayName": "[if(not(empty(parameters('displayName'))), createObject('value', parameters('displayName')), createObject('value', ''))]",
          "description": "[if(not(empty(parameters('description'))), createObject('value', parameters('description')), createObject('value', ''))]",
          "metadata": "[if(not(empty(parameters('metadata'))), createObject('value', parameters('metadata')), createObject('value', createObject()))]",
          "parameters": "[if(not(empty(parameters('parameters'))), createObject('value', parameters('parameters')), createObject('value', createObject()))]",
          "policyRule": {
            "value": "[parameters('policyRule')]"
          },
          "location": {
            "value": "[parameters('location')]"
          },
          "enableDefaultTelemetry": {
            "value": "[variables('enableReferencedModulesTelemetry')]"
          }
        },
        "template": {
          "$schema": "https://schema.management.azure.com/schemas/2018-05-01/subscriptionDeploymentTemplate.json#",
          "contentVersion": "1.0.0.0",
          "metadata": {
            "_generator": {
              "name": "bicep",
              "version": "0.23.1.45101",
              "templateHash": "12007737347705921951"
            },
            "name": "Policy Definitions (Subscription scope)",
            "description": "This module deploys a Policy Definition at a Subscription scope.",
            "owner": "Azure/module-maintainers"
          },
          "parameters": {
            "name": {
              "type": "string",
              "maxLength": 64,
              "metadata": {
                "description": "Required. Specifies the name of the policy definition. Maximum length is 64 characters."
              }
            },
            "displayName": {
              "type": "string",
              "defaultValue": "",
              "maxLength": 128,
              "metadata": {
                "description": "Optional. The display name of the policy definition. Maximum length is 128 characters."
              }
            },
            "description": {
              "type": "string",
              "defaultValue": "",
              "metadata": {
                "description": "Optional. The policy definition description."
              }
            },
            "mode": {
              "type": "string",
              "defaultValue": "All",
              "allowedValues": [
                "All",
                "Indexed",
                "Microsoft.KeyVault.Data",
                "Microsoft.ContainerService.Data",
                "Microsoft.Kubernetes.Data",
                "Microsoft.Network.Data"
              ],
              "metadata": {
                "description": "Optional. The policy definition mode. Default is All, Some examples are All, Indexed, Microsoft.KeyVault.Data."
              }
            },
            "metadata": {
              "type": "object",
              "defaultValue": {},
              "metadata": {
                "description": "Optional. The policy Definition metadata. Metadata is an open ended object and is typically a collection of key-value pairs."
              }
            },
            "parameters": {
              "type": "object",
              "defaultValue": {},
              "metadata": {
                "description": "Optional. The policy definition parameters that can be used in policy definition references."
              }
            },
            "policyRule": {
              "type": "object",
              "metadata": {
                "description": "Required. The Policy Rule details for the Policy Definition."
              }
            },
            "location": {
              "type": "string",
              "defaultValue": "[deployment().location]",
              "metadata": {
                "description": "Optional. Location deployment metadata."
              }
            },
            "enableDefaultTelemetry": {
              "type": "bool",
              "defaultValue": true,
              "metadata": {
                "description": "Optional. Enable telemetry via a Globally Unique Identifier (GUID)."
              }
            }
          },
          "resources": [
            {
              "condition": "[parameters('enableDefaultTelemetry')]",
              "type": "Microsoft.Resources/deployments",
              "apiVersion": "2021-04-01",
              "name": "[format('pid-47ed15a6-730a-4827-bcb4-0fd963ffbd82-{0}', uniqueString(deployment().name, parameters('location')))]",
              "location": "[parameters('location')]",
              "properties": {
                "mode": "Incremental",
                "template": {
                  "$schema": "https://schema.management.azure.com/schemas/2019-04-01/deploymentTemplate.json#",
                  "contentVersion": "1.0.0.0",
                  "resources": []
                }
              }
            },
            {
              "type": "Microsoft.Authorization/policyDefinitions",
              "apiVersion": "2021-06-01",
              "name": "[parameters('name')]",
              "properties": {
                "policyType": "Custom",
                "mode": "[parameters('mode')]",
                "displayName": "[if(not(empty(parameters('displayName'))), parameters('displayName'), null())]",
                "description": "[if(not(empty(parameters('description'))), parameters('description'), null())]",
                "metadata": "[if(not(empty(parameters('metadata'))), parameters('metadata'), null())]",
                "parameters": "[if(not(empty(parameters('parameters'))), parameters('parameters'), null())]",
                "policyRule": "[parameters('policyRule')]"
              }
            }
          ],
          "outputs": {
            "name": {
              "type": "string",
              "metadata": {
                "description": "Policy Definition Name."
              },
              "value": "[parameters('name')]"
            },
            "resourceId": {
              "type": "string",
              "metadata": {
                "description": "Policy Definition resource ID."
              },
              "value": "[subscriptionResourceId('Microsoft.Authorization/policyDefinitions', parameters('name'))]"
            },
            "roleDefinitionIds": {
              "type": "array",
              "metadata": {
                "description": "Policy Definition Role Definition IDs."
              },
              "value": "[if(contains(reference(subscriptionResourceId('Microsoft.Authorization/policyDefinitions', parameters('name')), '2021-06-01').policyRule.then, 'details'), if(contains(reference(subscriptionResourceId('Microsoft.Authorization/policyDefinitions', parameters('name')), '2021-06-01').policyRule.then.details, 'roleDefinitionIds'), reference(subscriptionResourceId('Microsoft.Authorization/policyDefinitions', parameters('name')), '2021-06-01').policyRule.then.details.roleDefinitionIds, createArray()), createArray())]"
            }
          }
        }
      }
    }
  ],
  "outputs": {
    "name": {
      "type": "string",
      "metadata": {
        "description": "Policy Definition Name."
      },
      "value": "[if(empty(parameters('subscriptionId')), reference(extensionResourceId(tenantResourceId('Microsoft.Management/managementGroups', parameters('managementGroupId')), 'Microsoft.Resources/deployments', format('{0}-PolicyDefinition-MG-Module', uniqueString(deployment().name, parameters('location')))), '2022-09-01').outputs.name.value, reference(subscriptionResourceId(parameters('subscriptionId'), 'Microsoft.Resources/deployments', format('{0}-PolicyDefinition-Sub-Module', uniqueString(deployment().name, parameters('location')))), '2022-09-01').outputs.name.value)]"
    },
    "resourceId": {
      "type": "string",
      "metadata": {
        "description": "Policy Definition resource ID."
      },
      "value": "[if(empty(parameters('subscriptionId')), reference(extensionResourceId(tenantResourceId('Microsoft.Management/managementGroups', parameters('managementGroupId')), 'Microsoft.Resources/deployments', format('{0}-PolicyDefinition-MG-Module', uniqueString(deployment().name, parameters('location')))), '2022-09-01').outputs.resourceId.value, reference(subscriptionResourceId(parameters('subscriptionId'), 'Microsoft.Resources/deployments', format('{0}-PolicyDefinition-Sub-Module', uniqueString(deployment().name, parameters('location')))), '2022-09-01').outputs.resourceId.value)]"
    },
    "roleDefinitionIds": {
      "type": "array",
      "metadata": {
        "description": "Policy Definition Role Definition IDs."
      },
      "value": "[if(empty(parameters('subscriptionId')), reference(extensionResourceId(tenantResourceId('Microsoft.Management/managementGroups', parameters('managementGroupId')), 'Microsoft.Resources/deployments', format('{0}-PolicyDefinition-MG-Module', uniqueString(deployment().name, parameters('location')))), '2022-09-01').outputs.roleDefinitionIds.value, reference(subscriptionResourceId(parameters('subscriptionId'), 'Microsoft.Resources/deployments', format('{0}-PolicyDefinition-Sub-Module', uniqueString(deployment().name, parameters('location')))), '2022-09-01').outputs.roleDefinitionIds.value)]"
    }
  }
}