{
  "$schema": "https://schema.management.azure.com/schemas/2019-04-01/deploymentTemplate.json#",
  "contentVersion": "1.0.0.0",
  "metadata": {
    "_generator": {
      "name": "bicep",
      "version": "0.21.1.54444",
      "templateHash": "3902218127334936289"
    },
    "name": "Private Link Scope Scoped Resources",
    "description": "This module deploys a Private Link Scope Scoped Resource.",
    "owner": "Azure/module-maintainers"
  },
  "parameters": {
    "name": {
      "type": "string",
      "minLength": 1,
      "metadata": {
        "description": "Required. Name of the private link scoped resource."
      }
    },
    "privateLinkScopeName": {
      "type": "string",
      "minLength": 1,
      "metadata": {
        "description": "Conditional. The name of the parent private link scope. Required if the template is used in a standalone deployment."
      }
    },
    "linkedResourceId": {
      "type": "string",
      "metadata": {
        "description": "Required. The resource ID of the scoped Azure monitor resource."
      }
    },
    "enableDefaultTelemetry": {
      "type": "bool",
      "defaultValue": true,
      "metadata": {
        "description": "Optional. Enable telemetry via a Globally Unique Identifier (GUID)."
      }
    }
  },
  "resources": [
    {
      "condition": "[parameters('enableDefaultTelemetry')]",
      "type": "Microsoft.Resources/deployments",
      "apiVersion": "2021-04-01",
      "name": "[format('pid-47ed15a6-730a-4827-bcb4-0fd963ffbd82-{0}', uniqueString(deployment().name))]",
      "properties": {
        "mode": "Incremental",
        "template": {
          "$schema": "https://schema.management.azure.com/schemas/2019-04-01/deploymentTemplate.json#",
          "contentVersion": "1.0.0.0",
          "resources": []
        }
      }
    },
    {
      "type": "Microsoft.Insights/privateLinkScopes/scopedResources",
      "apiVersion": "2021-07-01-preview",
      "name": "[format('{0}/{1}', parameters('privateLinkScopeName'), parameters('name'))]",
      "properties": {
        "linkedResourceId": "[parameters('linkedResourceId')]"
      }
    }
  ],
  "outputs": {
    "resourceGroupName": {
      "type": "string",
      "metadata": {
        "description": "The name of the resource group where the resource has been deployed."
      },
      "value": "[resourceGroup().name]"
    },
    "resourceId": {
      "type": "string",
      "metadata": {
        "description": "The resource ID of the deployed scopedResource."
      },
      "value": "[resourceId('Microsoft.Insights/privateLinkScopes/scopedResources', parameters('privateLinkScopeName'), parameters('name'))]"
    },
    "name": {
      "type": "string",
      "metadata": {
        "description": "The full name of the deployed Scoped Resource."
      },
      "value": "[parameters('name')]"
    }
  }
}