{
  "$schema": "https://schema.management.azure.com/schemas/2019-04-01/deploymentTemplate.json#",
  "contentVersion": "1.0.0.0",
  "metadata": {
    "_generator": {
      "name": "bicep",
      "version": "0.23.1.45101",
      "templateHash": "17352324470715058273"
    },
    "name": "API Management Service Products APIs",
    "description": "This module deploys an API Management Service Product API.",
    "owner": "Azure/module-maintainers"
  },
  "parameters": {
    "apiManagementServiceName": {
      "type": "string",
      "metadata": {
        "description": "Conditional. The name of the parent API Management service. Required if the template is used in a standalone deployment."
      }
    },
    "productName": {
      "type": "string",
      "metadata": {
        "description": "Conditional. The name of the parent Product. Required if the template is used in a standalone deployment."
      }
    },
    "enableDefaultTelemetry": {
      "type": "bool",
      "defaultValue": true,
      "metadata": {
        "description": "Optional. Enable telemetry via a Globally Unique Identifier (GUID)."
      }
    },
    "name": {
      "type": "string",
      "metadata": {
        "description": "Required. Name of the product API."
      }
    }
  },
  "resources": [
    {
      "condition": "[parameters('enableDefaultTelemetry')]",
      "type": "Microsoft.Resources/deployments",
      "apiVersion": "2021-04-01",
      "name": "[format('pid-47ed15a6-730a-4827-bcb4-0fd963ffbd82-{0}', uniqueString(deployment().name))]",
      "properties": {
        "mode": "Incremental",
        "template": {
          "$schema": "https://schema.management.azure.com/schemas/2019-04-01/deploymentTemplate.json#",
          "contentVersion": "1.0.0.0",
          "resources": []
        }
      }
    },
    {
      "type": "Microsoft.ApiManagement/service/products/apis",
      "apiVersion": "2021-08-01",
      "name": "[format('{0}/{1}/{2}', parameters('apiManagementServiceName'), parameters('productName'), parameters('name'))]"
    }
  ],
  "outputs": {
    "resourceId": {
      "type": "string",
      "metadata": {
        "description": "The resource ID of the product API."
      },
      "value": "[resourceId('Microsoft.ApiManagement/service/products/apis', parameters('apiManagementServiceName'), parameters('productName'), parameters('name'))]"
    },
    "name": {
      "type": "string",
      "metadata": {
        "description": "The name of the product API."
      },
      "value": "[parameters('name')]"
    },
    "resourceGroupName": {
      "type": "string",
      "metadata": {
        "description": "The resource group the product API was deployed into."
      },
      "value": "[resourceGroup().name]"
    }
  }
}