{
  "$schema": "https://schema.management.azure.com/schemas/2019-08-01/managementGroupDeploymentTemplate.json#",
  "contentVersion": "1.0.0.0",
  "metadata": {
    "_generator": {
      "name": "bicep",
      "version": "0.23.1.45101",
      "templateHash": "13920267319234015315"
    },
    "name": "Policy Set Definitions (Initiatives) (All scopes)",
    "description": "This module deploys a Policy Set Definition (Initiative) at a Management Group or Subscription scope.",
    "owner": "Azure/module-maintainers"
  },
  "parameters": {
    "name": {
      "type": "string",
      "maxLength": 64,
      "metadata": {
        "description": "Required. Specifies the name of the policy Set Definition (Initiative)."
      }
    },
    "displayName": {
      "type": "string",
      "defaultValue": "",
      "maxLength": 128,
      "metadata": {
        "description": "Optional. The display name of the Set Definition (Initiative). Maximum length is 128 characters."
      }
    },
    "description": {
      "type": "string",
      "defaultValue": "",
      "metadata": {
        "description": "Optional. The description name of the Set Definition (Initiative)."
      }
    },
    "managementGroupId": {
      "type": "string",
      "defaultValue": "[managementGroup().name]",
      "metadata": {
        "description": "Optional. The group ID of the Management Group (Scope). If not provided, will use the current scope for deployment."
      }
    },
    "subscriptionId": {
      "type": "string",
      "defaultValue": "",
      "metadata": {
        "description": "Optional. The subscription ID of the subscription (Scope). Cannot be used with managementGroupId."
      }
    },
    "metadata": {
      "type": "object",
      "defaultValue": {},
      "metadata": {
        "description": "Optional. The Set Definition (Initiative) metadata. Metadata is an open ended object and is typically a collection of key-value pairs."
      }
    },
    "policyDefinitions": {
      "type": "array",
      "metadata": {
        "description": "Required. The array of Policy definitions object to include for this policy set. Each object must include the Policy definition ID, and optionally other properties like parameters."
      }
    },
    "policyDefinitionGroups": {
      "type": "array",
      "defaultValue": [],
      "metadata": {
        "description": "Optional. The metadata describing groups of policy definition references within the Policy Set Definition (Initiative)."
      }
    },
    "parameters": {
      "type": "object",
      "defaultValue": {},
      "metadata": {
        "description": "Optional. The Set Definition (Initiative) parameters that can be used in policy definition references."
      }
    },
    "location": {
      "type": "string",
      "defaultValue": "[deployment().location]",
      "metadata": {
        "description": "Optional. Location deployment metadata."
      }
    },
    "enableDefaultTelemetry": {
      "type": "bool",
      "defaultValue": true,
      "metadata": {
        "description": "Optional. Enable telemetry via a Globally Unique Identifier (GUID)."
      }
    }
  },
  "variables": {
    "enableReferencedModulesTelemetry": false
  },
  "resources": [
    {
      "condition": "[parameters('enableDefaultTelemetry')]",
      "type": "Microsoft.Resources/deployments",
      "apiVersion": "2021-04-01",
      "name": "[format('pid-47ed15a6-730a-4827-bcb4-0fd963ffbd82-{0}', uniqueString(deployment().name, parameters('location')))]",
      "location": "[parameters('location')]",
      "properties": {
        "mode": "Incremental",
        "template": {
          "$schema": "https://schema.management.azure.com/schemas/2019-04-01/deploymentTemplate.json#",
          "contentVersion": "1.0.0.0",
          "resources": []
        }
      }
    },
    {
      "condition": "[empty(parameters('subscriptionId'))]",
      "type": "Microsoft.Resources/deployments",
      "apiVersion": "2022-09-01",
      "name": "[format('{0}-PolicySetDefinition-MG-Module', uniqueString(deployment().name, parameters('location')))]",
      "scope": "[format('Microsoft.Management/managementGroups/{0}', parameters('managementGroupId'))]",
      "location": "[deployment().location]",
      "properties": {
        "expressionEvaluationOptions": {
          "scope": "inner"
        },
        "mode": "Incremental",
        "parameters": {
          "name": {
            "value": "[parameters('name')]"
          },
          "displayName": "[if(not(empty(parameters('displayName'))), createObject('value', parameters('displayName')), createObject('value', ''))]",
          "description": "[if(not(empty(parameters('description'))), createObject('value', parameters('description')), createObject('value', ''))]",
          "metadata": "[if(not(empty(parameters('metadata'))), createObject('value', parameters('metadata')), createObject('value', createObject()))]",
          "parameters": "[if(not(empty(parameters('parameters'))), createObject('value', parameters('parameters')), createObject('value', createObject()))]",
          "policyDefinitions": {
            "value": "[parameters('policyDefinitions')]"
          },
          "policyDefinitionGroups": "[if(not(empty(parameters('policyDefinitionGroups'))), createObject('value', parameters('policyDefinitionGroups')), createObject('value', createArray()))]",
          "location": {
            "value": "[parameters('location')]"
          },
          "enableDefaultTelemetry": {
            "value": "[variables('enableReferencedModulesTelemetry')]"
          }
        },
        "template": {
          "$schema": "https://schema.management.azure.com/schemas/2019-08-01/managementGroupDeploymentTemplate.json#",
          "contentVersion": "1.0.0.0",
          "metadata": {
            "_generator": {
              "name": "bicep",
              "version": "0.23.1.45101",
              "templateHash": "11109083846476796782"
            },
            "name": "Policy Set Definitions (Initiatives) (Management Group scope)",
            "description": "This module deploys a Policy Set Definition (Initiative) at a Management Group scope.",
            "owner": "Azure/module-maintainers"
          },
          "parameters": {
            "name": {
              "type": "string",
              "maxLength": 64,
              "metadata": {
                "description": "Required. Specifies the name of the policy Set Definition (Initiative)."
              }
            },
            "displayName": {
              "type": "string",
              "defaultValue": "",
              "maxLength": 128,
              "metadata": {
                "description": "Optional. The display name of the Set Definition (Initiative). Maximum length is 128 characters."
              }
            },
            "description": {
              "type": "string",
              "defaultValue": "",
              "metadata": {
                "description": "Optional. The description name of the Set Definition (Initiative)."
              }
            },
            "metadata": {
              "type": "object",
              "defaultValue": {},
              "metadata": {
                "description": "Optional. The Set Definition (Initiative) metadata. Metadata is an open ended object and is typically a collection of key-value pairs."
              }
            },
            "policyDefinitions": {
              "type": "array",
              "metadata": {
                "description": "Required. The array of Policy definitions object to include for this policy set. Each object must include the Policy definition ID, and optionally other properties like parameters."
              }
            },
            "policyDefinitionGroups": {
              "type": "array",
              "defaultValue": [],
              "metadata": {
                "description": "Optional. The metadata describing groups of policy definition references within the Policy Set Definition (Initiative)."
              }
            },
            "parameters": {
              "type": "object",
              "defaultValue": {},
              "metadata": {
                "description": "Optional. The Set Definition (Initiative) parameters that can be used in policy definition references."
              }
            },
            "location": {
              "type": "string",
              "defaultValue": "[deployment().location]",
              "metadata": {
                "description": "Optional. Location deployment metadata."
              }
            },
            "enableDefaultTelemetry": {
              "type": "bool",
              "defaultValue": true,
              "metadata": {
                "description": "Optional. Enable telemetry via a Globally Unique Identifier (GUID)."
              }
            }
          },
          "resources": [
            {
              "condition": "[parameters('enableDefaultTelemetry')]",
              "type": "Microsoft.Resources/deployments",
              "apiVersion": "2021-04-01",
              "name": "[format('pid-47ed15a6-730a-4827-bcb4-0fd963ffbd82-{0}', uniqueString(deployment().name, parameters('location')))]",
              "location": "[parameters('location')]",
              "properties": {
                "mode": "Incremental",
                "template": {
                  "$schema": "https://schema.management.azure.com/schemas/2019-04-01/deploymentTemplate.json#",
                  "contentVersion": "1.0.0.0",
                  "resources": []
                }
              }
            },
            {
              "type": "Microsoft.Authorization/policySetDefinitions",
              "apiVersion": "2021-06-01",
              "name": "[parameters('name')]",
              "properties": {
                "policyType": "Custom",
                "displayName": "[if(not(empty(parameters('displayName'))), parameters('displayName'), null())]",
                "description": "[if(not(empty(parameters('description'))), parameters('description'), null())]",
                "metadata": "[if(not(empty(parameters('metadata'))), parameters('metadata'), null())]",
                "parameters": "[if(not(empty(parameters('parameters'))), parameters('parameters'), null())]",
                "policyDefinitions": "[parameters('policyDefinitions')]",
                "policyDefinitionGroups": "[if(not(empty(parameters('policyDefinitionGroups'))), parameters('policyDefinitionGroups'), createArray())]"
              }
            }
          ],
          "outputs": {
            "name": {
              "type": "string",
              "metadata": {
                "description": "Policy Set Definition Name."
              },
              "value": "[parameters('name')]"
            },
            "resourceId": {
              "type": "string",
              "metadata": {
                "description": "Policy Set Definition resource ID."
              },
              "value": "[extensionResourceId(managementGroup().id, 'Microsoft.Authorization/policySetDefinitions', parameters('name'))]"
            }
          }
        }
      }
    },
    {
      "condition": "[not(empty(parameters('subscriptionId')))]",
      "type": "Microsoft.Resources/deployments",
      "apiVersion": "2022-09-01",
      "name": "[format('{0}-PolicySetDefinition-Sub-Module', uniqueString(deployment().name, parameters('location')))]",
      "subscriptionId": "[parameters('subscriptionId')]",
      "location": "[deployment().location]",
      "properties": {
        "expressionEvaluationOptions": {
          "scope": "inner"
        },
        "mode": "Incremental",
        "parameters": {
          "name": {
            "value": "[parameters('name')]"
          },
          "displayName": "[if(not(empty(parameters('displayName'))), createObject('value', parameters('displayName')), createObject('value', ''))]",
          "description": "[if(not(empty(parameters('description'))), createObject('value', parameters('description')), createObject('value', ''))]",
          "metadata": "[if(not(empty(parameters('metadata'))), createObject('value', parameters('metadata')), createObject('value', createObject()))]",
          "parameters": "[if(not(empty(parameters('parameters'))), createObject('value', parameters('parameters')), createObject('value', createObject()))]",
          "policyDefinitions": {
            "value": "[parameters('policyDefinitions')]"
          },
          "policyDefinitionGroups": "[if(not(empty(parameters('policyDefinitionGroups'))), createObject('value', parameters('policyDefinitionGroups')), createObject('value', createArray()))]",
          "location": {
            "value": "[parameters('location')]"
          },
          "enableDefaultTelemetry": {
            "value": "[variables('enableReferencedModulesTelemetry')]"
          }
        },
        "template": {
          "$schema": "https://schema.management.azure.com/schemas/2018-05-01/subscriptionDeploymentTemplate.json#",
          "contentVersion": "1.0.0.0",
          "metadata": {
            "_generator": {
              "name": "bicep",
              "version": "0.23.1.45101",
              "templateHash": "14930393896542927337"
            },
            "name": "Policy Set Definitions (Initiatives) (Subscription scope)",
            "description": "This module deploys a Policy Set Definition (Initiative) at a Subscription scope.",
            "owner": "Azure/module-maintainers"
          },
          "parameters": {
            "name": {
              "type": "string",
              "maxLength": 64,
              "metadata": {
                "description": "Required. Specifies the name of the policy Set Definition (Initiative). Maximum length is 64 characters for subscription scope."
              }
            },
            "displayName": {
              "type": "string",
              "defaultValue": "",
              "maxLength": 128,
              "metadata": {
                "description": "Optional. The display name of the Set Definition (Initiative). Maximum length is 128 characters."
              }
            },
            "description": {
              "type": "string",
              "defaultValue": "",
              "metadata": {
                "description": "Optional. The description name of the Set Definition (Initiative)."
              }
            },
            "metadata": {
              "type": "object",
              "defaultValue": {},
              "metadata": {
                "description": "Optional. The Set Definition (Initiative) metadata. Metadata is an open ended object and is typically a collection of key-value pairs."
              }
            },
            "policyDefinitions": {
              "type": "array",
              "metadata": {
                "description": "Required. The array of Policy definitions object to include for this policy set. Each object must include the Policy definition ID, and optionally other properties like parameters."
              }
            },
            "policyDefinitionGroups": {
              "type": "array",
              "defaultValue": [],
              "metadata": {
                "description": "Optional. The metadata describing groups of policy definition references within the Policy Set Definition (Initiative)."
              }
            },
            "parameters": {
              "type": "object",
              "defaultValue": {},
              "metadata": {
                "description": "Optional. The Set Definition (Initiative) parameters that can be used in policy definition references."
              }
            },
            "location": {
              "type": "string",
              "defaultValue": "[deployment().location]",
              "metadata": {
                "description": "Optional. Location deployment metadata."
              }
            },
            "enableDefaultTelemetry": {
              "type": "bool",
              "defaultValue": true,
              "metadata": {
                "description": "Optional. Enable telemetry via a Globally Unique Identifier (GUID)."
              }
            }
          },
          "resources": [
            {
              "condition": "[parameters('enableDefaultTelemetry')]",
              "type": "Microsoft.Resources/deployments",
              "apiVersion": "2021-04-01",
              "name": "[format('pid-47ed15a6-730a-4827-bcb4-0fd963ffbd82-{0}', uniqueString(deployment().name, parameters('location')))]",
              "location": "[parameters('location')]",
              "properties": {
                "mode": "Incremental",
                "template": {
                  "$schema": "https://schema.management.azure.com/schemas/2019-04-01/deploymentTemplate.json#",
                  "contentVersion": "1.0.0.0",
                  "resources": []
                }
              }
            },
            {
              "type": "Microsoft.Authorization/policySetDefinitions",
              "apiVersion": "2021-06-01",
              "name": "[parameters('name')]",
              "properties": {
                "policyType": "Custom",
                "displayName": "[if(not(empty(parameters('displayName'))), parameters('displayName'), null())]",
                "description": "[if(not(empty(parameters('description'))), parameters('description'), null())]",
                "metadata": "[if(not(empty(parameters('metadata'))), parameters('metadata'), null())]",
                "parameters": "[if(not(empty(parameters('parameters'))), parameters('parameters'), null())]",
                "policyDefinitions": "[parameters('policyDefinitions')]",
                "policyDefinitionGroups": "[if(not(empty(parameters('policyDefinitionGroups'))), parameters('policyDefinitionGroups'), createArray())]"
              }
            }
          ],
          "outputs": {
            "name": {
              "type": "string",
              "metadata": {
                "description": "Policy Set Definition Name."
              },
              "value": "[parameters('name')]"
            },
            "resourceId": {
              "type": "string",
              "metadata": {
                "description": "Policy Set Definition resource ID."
              },
              "value": "[subscriptionResourceId('Microsoft.Authorization/policySetDefinitions', parameters('name'))]"
            }
          }
        }
      }
    }
  ],
  "outputs": {
    "name": {
      "type": "string",
      "metadata": {
        "description": "Policy Set Definition Name."
      },
      "value": "[if(empty(parameters('subscriptionId')), reference(extensionResourceId(tenantResourceId('Microsoft.Management/managementGroups', parameters('managementGroupId')), 'Microsoft.Resources/deployments', format('{0}-PolicySetDefinition-MG-Module', uniqueString(deployment().name, parameters('location')))), '2022-09-01').outputs.name.value, reference(subscriptionResourceId(parameters('subscriptionId'), 'Microsoft.Resources/deployments', format('{0}-PolicySetDefinition-Sub-Module', uniqueString(deployment().name, parameters('location')))), '2022-09-01').outputs.name.value)]"
    },
    "resourceId": {
      "type": "string",
      "metadata": {
        "description": "Policy Set Definition resource ID."
      },
      "value": "[if(empty(parameters('subscriptionId')), reference(extensionResourceId(tenantResourceId('Microsoft.Management/managementGroups', parameters('managementGroupId')), 'Microsoft.Resources/deployments', format('{0}-PolicySetDefinition-MG-Module', uniqueString(deployment().name, parameters('location')))), '2022-09-01').outputs.resourceId.value, reference(subscriptionResourceId(parameters('subscriptionId'), 'Microsoft.Resources/deployments', format('{0}-PolicySetDefinition-Sub-Module', uniqueString(deployment().name, parameters('location')))), '2022-09-01').outputs.resourceId.value)]"
    }
  }
}