{
  "$schema": "https://schema.management.azure.com/schemas/2019-04-01/deploymentTemplate.json#",
  "languageVersion": "2.0",
  "contentVersion": "1.0.0.0",
  "metadata": {
    "_generator": {
      "name": "bicep",
      "version": "0.23.1.45101",
      "templateHash": "11370563001494590361"
    },
    "name": "App Configuration Stores Key Values",
    "description": "This module deploys an App Configuration Store Key Value.",
    "owner": "Azure/module-maintainers"
  },
  "parameters": {
    "name": {
      "type": "string",
      "metadata": {
        "description": "Required. Name of the key."
      }
    },
    "value": {
      "type": "string",
      "metadata": {
        "description": "Required. Name of the value."
      }
    },
    "appConfigurationName": {
      "type": "string",
      "metadata": {
        "description": "Conditional. The name of the parent app configuration store. Required if the template is used in a standalone deployment."
      }
    },
    "contentType": {
      "type": "string",
      "defaultValue": "",
      "metadata": {
        "description": "Optional. The content type of the key-values value. Providing a proper content-type can enable transformations of values when they are retrieved by applications."
      }
    },
    "tags": {
      "type": "object",
      "nullable": true,
      "metadata": {
        "description": "Optional. Tags of the resource."
      }
    },
    "enableDefaultTelemetry": {
      "type": "bool",
      "defaultValue": true,
      "metadata": {
        "description": "Optional. Enable telemetry via a Globally Unique Identifier (GUID)."
      }
    }
  },
  "resources": {
    "defaultTelemetry": {
      "condition": "[parameters('enableDefaultTelemetry')]",
      "type": "Microsoft.Resources/deployments",
      "apiVersion": "2021-04-01",
      "name": "[format('pid-47ed15a6-730a-4827-bcb4-0fd963ffbd82-{0}', uniqueString(deployment().name))]",
      "properties": {
        "mode": "Incremental",
        "template": {
          "$schema": "https://schema.management.azure.com/schemas/2019-04-01/deploymentTemplate.json#",
          "contentVersion": "1.0.0.0",
          "resources": []
        }
      }
    },
    "appConfiguration": {
      "existing": true,
      "type": "Microsoft.AppConfiguration/configurationStores",
      "apiVersion": "2023-03-01",
      "name": "[parameters('appConfigurationName')]"
    },
    "keyValues": {
      "type": "Microsoft.AppConfiguration/configurationStores/keyValues",
      "apiVersion": "2023-03-01",
      "name": "[format('{0}/{1}', parameters('appConfigurationName'), parameters('name'))]",
      "properties": {
        "contentType": "[parameters('contentType')]",
        "tags": "[parameters('tags')]",
        "value": "[parameters('value')]"
      },
      "dependsOn": [
        "appConfiguration"
      ]
    }
  },
  "outputs": {
    "name": {
      "type": "string",
      "metadata": {
        "description": "The name of the key values."
      },
      "value": "[parameters('name')]"
    },
    "resourceId": {
      "type": "string",
      "metadata": {
        "description": "The resource ID of the key values."
      },
      "value": "[resourceId('Microsoft.AppConfiguration/configurationStores/keyValues', parameters('appConfigurationName'), parameters('name'))]"
    },
    "resourceGroupName": {
      "type": "string",
      "metadata": {
        "description": "The resource group the batch account was deployed into."
      },
      "value": "[resourceGroup().name]"
    }
  }
}