{
  "$schema": "https://schema.management.azure.com/schemas/2019-04-01/deploymentTemplate.json#",
  "languageVersion": "2.0",
  "contentVersion": "1.0.0.0",
  "metadata": {
    "_generator": {
      "name": "bicep",
      "version": "0.23.1.45101",
      "templateHash": "13121115050219114278"
    },
    "name": "Digital Twins Instance ServiceBus Endpoint",
    "description": "This module deploys a Digital Twins Instance ServiceBus Endpoint.",
    "owner": "Azure/module-maintainers"
  },
  "definitions": {
    "managedIdentitiesType": {
      "type": "object",
      "properties": {
        "systemAssigned": {
          "type": "bool",
          "nullable": true,
          "metadata": {
            "description": "Optional. Enables system assigned managed identity on the resource."
          }
        },
        "userAssignedResourceId": {
          "type": "string",
          "nullable": true,
          "metadata": {
            "description": "Optional. The resource ID to assign to the resource."
          }
        }
      },
      "nullable": true
    }
  },
  "parameters": {
    "name": {
      "type": "string",
      "defaultValue": "ServiceBusEndpoint",
      "metadata": {
        "description": "Optional. The name of the Digital Twin Endpoint."
      }
    },
    "digitalTwinInstanceName": {
      "type": "string",
      "metadata": {
        "description": "Conditional. The name of the parent Digital Twin Instance resource. Required if the template is used in a standalone deployment."
      }
    },
    "authenticationType": {
      "type": "string",
      "defaultValue": "IdentityBased",
      "allowedValues": [
        "IdentityBased",
        "KeyBased"
      ],
      "metadata": {
        "description": "Optional. Specifies the authentication type being used for connecting to the endpoint. If 'KeyBased' is selected, a connection string must be specified (at least the primary connection string). If 'IdentityBased' is selected, the endpointUri and entityPath properties must be specified."
      }
    },
    "deadLetterSecret": {
      "type": "securestring",
      "defaultValue": "",
      "metadata": {
        "description": "Optional. Dead letter storage secret for key-based authentication. Will be obfuscated during read."
      }
    },
    "deadLetterUri": {
      "type": "string",
      "defaultValue": "",
      "metadata": {
        "description": "Optional. Dead letter storage URL for identity-based authentication."
      }
    },
    "endpointUri": {
      "type": "string",
      "defaultValue": "",
      "metadata": {
        "description": "Optional. The URL of the ServiceBus namespace for identity-based authentication. It must include the protocol 'sb://' (e.g. sb://xyz.servicebus.windows.net)."
      }
    },
    "entityPath": {
      "type": "string",
      "defaultValue": "",
      "metadata": {
        "description": "Optional. The ServiceBus Topic name for identity-based authentication."
      }
    },
    "primaryConnectionString": {
      "type": "securestring",
      "defaultValue": "",
      "metadata": {
        "description": "Conditional. PrimaryConnectionString of the endpoint for key-based authentication. Will be obfuscated during read. Required if the `authenticationType` is \"KeyBased\"."
      }
    },
    "secondaryConnectionString": {
      "type": "securestring",
      "defaultValue": "",
      "metadata": {
        "description": "Optional. SecondaryConnectionString of the endpoint for key-based authentication. Will be obfuscated during read. Only used if the `authenticationType` is \"KeyBased\"."
      }
    },
    "enableDefaultTelemetry": {
      "type": "bool",
      "defaultValue": true,
      "metadata": {
        "description": "Optional. Enable telemetry via the Customer Usage Attribution ID (GUID)."
      }
    },
    "managedIdentities": {
      "$ref": "#/definitions/managedIdentitiesType",
      "metadata": {
        "description": "Optional. The managed identity definition for this resource."
      }
    }
  },
  "variables": {
    "identity": "[if(not(empty(parameters('managedIdentities'))), createObject('type', if(coalesce(tryGet(parameters('managedIdentities'), 'systemAssigned'), false()), if(not(empty(coalesce(tryGet(parameters('managedIdentities'), 'userAssignedResourceId'), ''))), 'SystemAssigned,UserAssigned', 'SystemAssigned'), if(not(empty(coalesce(tryGet(parameters('managedIdentities'), 'userAssignedResourceId'), ''))), 'UserAssigned', null())), 'userAssignedIdentity', if(not(empty(tryGet(parameters('managedIdentities'), 'userAssignedResourceId'))), tryGet(parameters('managedIdentities'), 'userAssignedResourceId'), null())), null())]"
  },
  "resources": {
    "defaultTelemetry": {
      "condition": "[parameters('enableDefaultTelemetry')]",
      "type": "Microsoft.Resources/deployments",
      "apiVersion": "2021-04-01",
      "name": "[format('pid-47ed15a6-730a-4827-bcb4-0fd963ffbd82-{0}', uniqueString(deployment().name))]",
      "properties": {
        "mode": "Incremental",
        "template": {
          "$schema": "https://schema.management.azure.com/schemas/2019-04-01/deploymentTemplate.json#",
          "contentVersion": "1.0.0.0",
          "resources": []
        }
      }
    },
    "digitalTwinsInstance": {
      "existing": true,
      "type": "Microsoft.DigitalTwins/digitalTwinsInstances",
      "apiVersion": "2023-01-31",
      "name": "[parameters('digitalTwinInstanceName')]"
    },
    "endpoint": {
      "type": "Microsoft.DigitalTwins/digitalTwinsInstances/endpoints",
      "apiVersion": "2023-01-31",
      "name": "[format('{0}/{1}', parameters('digitalTwinInstanceName'), parameters('name'))]",
      "properties": {
        "endpointType": "ServiceBus",
        "authenticationType": "[parameters('authenticationType')]",
        "deadLetterSecret": "[parameters('deadLetterSecret')]",
        "deadLetterUri": "[parameters('deadLetterUri')]",
        "endpointUri": "[parameters('endpointUri')]",
        "entityPath": "[parameters('entityPath')]",
        "primaryConnectionString": "[parameters('primaryConnectionString')]",
        "secondaryConnectionString": "[parameters('secondaryConnectionString')]",
        "identity": "[variables('identity')]"
      },
      "dependsOn": [
        "digitalTwinsInstance"
      ]
    }
  },
  "outputs": {
    "resourceId": {
      "type": "string",
      "metadata": {
        "description": "The resource ID of the Endpoint."
      },
      "value": "[resourceId('Microsoft.DigitalTwins/digitalTwinsInstances/endpoints', parameters('digitalTwinInstanceName'), parameters('name'))]"
    },
    "resourceGroupName": {
      "type": "string",
      "metadata": {
        "description": "The name of the resource group the resource was created in."
      },
      "value": "[resourceGroup().name]"
    },
    "name": {
      "type": "string",
      "metadata": {
        "description": "The name of the Endpoint."
      },
      "value": "[parameters('name')]"
    }
  }
}