{
  "$schema": "https://schema.management.azure.com/schemas/2019-04-01/deploymentTemplate.json#",
  "contentVersion": "1.0.0.0",
  "metadata": {
    "_generator": {
      "name": "bicep",
      "version": "0.23.1.45101",
      "templateHash": "7231520764645220131"
    },
    "name": "Event Hub Namespace Disaster Recovery Configs",
    "description": "This module deploys an Event Hub Namespace Disaster Recovery Config.",
    "owner": "Azure/module-maintainers"
  },
  "parameters": {
    "namespaceName": {
      "type": "string",
      "metadata": {
        "description": "Conditional. The name of the parent event hub namespace. Required if the template is used in a standalone deployment."
      }
    },
    "name": {
      "type": "string",
      "metadata": {
        "description": "Required. The name of the disaster recovery config."
      }
    },
    "partnerNamespaceId": {
      "type": "string",
      "defaultValue": "",
      "metadata": {
        "description": "Optional. Resource ID of the Primary/Secondary event hub namespace name, which is part of GEO DR pairing."
      }
    },
    "enableDefaultTelemetry": {
      "type": "bool",
      "defaultValue": true,
      "metadata": {
        "description": "Optional. Enable telemetry via a Globally Unique Identifier (GUID)."
      }
    }
  },
  "resources": [
    {
      "condition": "[parameters('enableDefaultTelemetry')]",
      "type": "Microsoft.Resources/deployments",
      "apiVersion": "2021-04-01",
      "name": "[format('pid-47ed15a6-730a-4827-bcb4-0fd963ffbd82-{0}', uniqueString(deployment().name))]",
      "properties": {
        "mode": "Incremental",
        "template": {
          "$schema": "https://schema.management.azure.com/schemas/2019-04-01/deploymentTemplate.json#",
          "contentVersion": "1.0.0.0",
          "resources": []
        }
      }
    },
    {
      "type": "Microsoft.EventHub/namespaces/disasterRecoveryConfigs",
      "apiVersion": "2022-10-01-preview",
      "name": "[format('{0}/{1}', parameters('namespaceName'), parameters('name'))]",
      "properties": {
        "partnerNamespace": "[parameters('partnerNamespaceId')]"
      }
    }
  ],
  "outputs": {
    "name": {
      "type": "string",
      "metadata": {
        "description": "The name of the disaster recovery config."
      },
      "value": "[parameters('name')]"
    },
    "resourceId": {
      "type": "string",
      "metadata": {
        "description": "The resource ID of the disaster recovery config."
      },
      "value": "[resourceId('Microsoft.EventHub/namespaces/disasterRecoveryConfigs', parameters('namespaceName'), parameters('name'))]"
    },
    "resourceGroupName": {
      "type": "string",
      "metadata": {
        "description": "The name of the resource group the disaster recovery config was created in."
      },
      "value": "[resourceGroup().name]"
    }
  }
}