{
  "$schema": "https://schema.management.azure.com/schemas/2019-04-01/deploymentTemplate.json#",
  "languageVersion": "2.0",
  "contentVersion": "1.0.0.0",
  "metadata": {
    "_generator": {
      "name": "bicep",
      "version": "0.23.1.45101",
      "templateHash": "10058986332950368920"
    },
    "name": "DBforPostgreSQL Flexible Servers",
    "description": "This module deploys a DBforPostgreSQL Flexible Server.",
    "owner": "Azure/module-maintainers"
  },
  "definitions": {
    "managedIdentitiesType": {
      "type": "object",
      "properties": {
        "userAssignedResourceIds": {
          "type": "array",
          "items": {
            "type": "string"
          },
          "metadata": {
            "description": "Optional. The resource ID(s) to assign to the resource."
          }
        }
      },
      "nullable": true
    },
    "lockType": {
      "type": "object",
      "properties": {
        "name": {
          "type": "string",
          "nullable": true,
          "metadata": {
            "description": "Optional. Specify the name of lock."
          }
        },
        "kind": {
          "type": "string",
          "allowedValues": [
            "CanNotDelete",
            "None",
            "ReadOnly"
          ],
          "nullable": true,
          "metadata": {
            "description": "Optional. Specify the type of lock."
          }
        }
      },
      "nullable": true
    },
    "roleAssignmentType": {
      "type": "array",
      "items": {
        "type": "object",
        "properties": {
          "roleDefinitionIdOrName": {
            "type": "string",
            "metadata": {
              "description": "Required. The role to assign. You can provide either the display name of the role definition, the role definition GUID, or its fully qualified ID in the following format: '/providers/Microsoft.Authorization/roleDefinitions/c2f4ef07-c644-48eb-af81-4b1b4947fb11'."
            }
          },
          "principalId": {
            "type": "string",
            "metadata": {
              "description": "Required. The principal ID of the principal (user/group/identity) to assign the role to."
            }
          },
          "principalType": {
            "type": "string",
            "allowedValues": [
              "Device",
              "ForeignGroup",
              "Group",
              "ServicePrincipal",
              "User"
            ],
            "nullable": true,
            "metadata": {
              "description": "Optional. The principal type of the assigned principal ID."
            }
          },
          "description": {
            "type": "string",
            "nullable": true,
            "metadata": {
              "description": "Optional. The description of the role assignment."
            }
          },
          "condition": {
            "type": "string",
            "nullable": true,
            "metadata": {
              "description": "Optional. The conditions on the role assignment. This limits the resources it can be assigned to. e.g.: @Resource[Microsoft.Storage/storageAccounts/blobServices/containers:ContainerName] StringEqualsIgnoreCase \"foo_storage_container\""
            }
          },
          "conditionVersion": {
            "type": "string",
            "allowedValues": [
              "2.0"
            ],
            "nullable": true,
            "metadata": {
              "description": "Optional. Version of the condition."
            }
          },
          "delegatedManagedIdentityResourceId": {
            "type": "string",
            "nullable": true,
            "metadata": {
              "description": "Optional. The Resource Id of the delegated managed identity resource."
            }
          }
        }
      },
      "nullable": true
    },
    "diagnosticSettingType": {
      "type": "array",
      "items": {
        "type": "object",
        "properties": {
          "name": {
            "type": "string",
            "nullable": true,
            "metadata": {
              "description": "Optional. The name of diagnostic setting."
            }
          },
          "logCategoriesAndGroups": {
            "type": "array",
            "items": {
              "type": "object",
              "properties": {
                "category": {
                  "type": "string",
                  "nullable": true,
                  "metadata": {
                    "description": "Optional. Name of a Diagnostic Log category for a resource type this setting is applied to. Set the specific logs to collect here."
                  }
                },
                "categoryGroup": {
                  "type": "string",
                  "nullable": true,
                  "metadata": {
                    "description": "Optional. Name of a Diagnostic Log category group for a resource type this setting is applied to. Set to 'AllLogs' to collect all logs."
                  }
                }
              }
            },
            "nullable": true,
            "metadata": {
              "description": "Optional. The name of logs that will be streamed. \"allLogs\" includes all possible logs for the resource. Set to '' to disable log collection."
            }
          },
          "metricCategories": {
            "type": "array",
            "items": {
              "type": "object",
              "properties": {
                "category": {
                  "type": "string",
                  "metadata": {
                    "description": "Required. Name of a Diagnostic Metric category for a resource type this setting is applied to. Set to 'AllMetrics' to collect all metrics."
                  }
                }
              }
            },
            "nullable": true,
            "metadata": {
              "description": "Optional. The name of logs that will be streamed. \"allLogs\" includes all possible logs for the resource. Set to '' to disable log collection."
            }
          },
          "logAnalyticsDestinationType": {
            "type": "string",
            "allowedValues": [
              "AzureDiagnostics",
              "Dedicated"
            ],
            "nullable": true,
            "metadata": {
              "description": "Optional. A string indicating whether the export to Log Analytics should use the default destination type, i.e. AzureDiagnostics, or use a destination type."
            }
          },
          "workspaceResourceId": {
            "type": "string",
            "nullable": true,
            "metadata": {
              "description": "Optional. Resource ID of the diagnostic log analytics workspace. For security reasons, it is recommended to set diagnostic settings to send data to either storage account, log analytics workspace or event hub."
            }
          },
          "storageAccountResourceId": {
            "type": "string",
            "nullable": true,
            "metadata": {
              "description": "Optional. Resource ID of the diagnostic storage account. For security reasons, it is recommended to set diagnostic settings to send data to either storage account, log analytics workspace or event hub."
            }
          },
          "eventHubAuthorizationRuleResourceId": {
            "type": "string",
            "nullable": true,
            "metadata": {
              "description": "Optional. Resource ID of the diagnostic event hub authorization rule for the Event Hubs namespace in which the event hub should be created or streamed to."
            }
          },
          "eventHubName": {
            "type": "string",
            "nullable": true,
            "metadata": {
              "description": "Optional. Name of the diagnostic event hub within the namespace to which logs are streamed. Without this, an event hub is created for each log category. For security reasons, it is recommended to set diagnostic settings to send data to either storage account, log analytics workspace or event hub."
            }
          },
          "marketplacePartnerResourceId": {
            "type": "string",
            "nullable": true,
            "metadata": {
              "description": "Optional. The full ARM resource ID of the Marketplace resource to which you would like to send Diagnostic Logs."
            }
          }
        }
      },
      "nullable": true
    },
    "customerManagedKeyType": {
      "type": "object",
      "properties": {
        "keyVaultResourceId": {
          "type": "string",
          "metadata": {
            "description": "Required. The resource ID of a key vault to reference a customer managed key for encryption from."
          }
        },
        "keyName": {
          "type": "string",
          "metadata": {
            "description": "Required. The name of the customer managed key to use for encryption."
          }
        },
        "keyVersion": {
          "type": "string",
          "nullable": true,
          "metadata": {
            "description": "Optional. The version of the customer managed key to reference for encryption. If not provided, using 'latest'."
          }
        },
        "userAssignedIdentityResourceId": {
          "type": "string",
          "metadata": {
            "description": "Required. User assigned identity to use when fetching the customer managed key."
          }
        }
      },
      "nullable": true
    }
  },
  "parameters": {
    "name": {
      "type": "string",
      "metadata": {
        "description": "Required. The name of the PostgreSQL flexible server."
      }
    },
    "administratorLogin": {
      "type": "string",
      "defaultValue": "",
      "metadata": {
        "description": "Optional. The administrator login name of a server. Can only be specified when the PostgreSQL server is being created."
      }
    },
    "administratorLoginPassword": {
      "type": "securestring",
      "defaultValue": "",
      "metadata": {
        "description": "Optional. The administrator login password."
      }
    },
    "activeDirectoryAuth": {
      "type": "string",
      "defaultValue": "Enabled",
      "allowedValues": [
        "Disabled",
        "Enabled"
      ],
      "metadata": {
        "description": "Optional. If Enabled, Azure Active Directory authentication is enabled."
      }
    },
    "passwordAuth": {
      "type": "string",
      "defaultValue": "Disabled",
      "allowedValues": [
        "Disabled",
        "Enabled"
      ],
      "metadata": {
        "description": "Optional. If Enabled, password authentication is enabled."
      }
    },
    "tenantId": {
      "type": "string",
      "defaultValue": "",
      "metadata": {
        "description": "Optional. Tenant id of the server."
      }
    },
    "administrators": {
      "type": "array",
      "defaultValue": [],
      "metadata": {
        "description": "Optional. The Azure AD administrators when AAD authentication enabled."
      }
    },
    "location": {
      "type": "string",
      "defaultValue": "[resourceGroup().location]",
      "metadata": {
        "description": "Optional. Location for all resources."
      }
    },
    "skuName": {
      "type": "string",
      "metadata": {
        "description": "Required. The name of the sku, typically, tier + family + cores, e.g. Standard_D4s_v3."
      }
    },
    "tier": {
      "type": "string",
      "allowedValues": [
        "GeneralPurpose",
        "Burstable",
        "MemoryOptimized"
      ],
      "metadata": {
        "description": "Required. The tier of the particular SKU. Tier must align with the \"skuName\" property. Example, tier cannot be \"Burstable\" if skuName is \"Standard_D4s_v3\"."
      }
    },
    "availabilityZone": {
      "type": "string",
      "defaultValue": "",
      "allowedValues": [
        "",
        "1",
        "2",
        "3"
      ],
      "metadata": {
        "description": "Optional. Availability zone information of the server. Default will have no preference set."
      }
    },
    "backupRetentionDays": {
      "type": "int",
      "defaultValue": 7,
      "minValue": 7,
      "maxValue": 35,
      "metadata": {
        "description": "Optional. Backup retention days for the server."
      }
    },
    "geoRedundantBackup": {
      "type": "string",
      "defaultValue": "Disabled",
      "allowedValues": [
        "Disabled",
        "Enabled"
      ],
      "metadata": {
        "description": "Optional. A value indicating whether Geo-Redundant backup is enabled on the server. Should be left disabled if 'cMKKeyName' is not empty."
      }
    },
    "storageSizeGB": {
      "type": "int",
      "defaultValue": 32,
      "allowedValues": [
        32,
        64,
        128,
        256,
        512,
        1024,
        2048,
        4096,
        8192,
        16384
      ],
      "metadata": {
        "description": "Optional. Max storage allowed for a server."
      }
    },
    "version": {
      "type": "string",
      "defaultValue": "15",
      "allowedValues": [
        "11",
        "12",
        "13",
        "14",
        "15"
      ],
      "metadata": {
        "description": "Optional. PostgreSQL Server version."
      }
    },
    "highAvailability": {
      "type": "string",
      "defaultValue": "Disabled",
      "allowedValues": [
        "Disabled",
        "SameZone",
        "ZoneRedundant"
      ],
      "metadata": {
        "description": "Optional. The mode for high availability."
      }
    },
    "createMode": {
      "type": "string",
      "defaultValue": "Default",
      "allowedValues": [
        "Create",
        "Default",
        "PointInTimeRestore",
        "Update"
      ],
      "metadata": {
        "description": "Optional. The mode to create a new PostgreSQL server."
      }
    },
    "managedIdentities": {
      "$ref": "#/definitions/managedIdentitiesType",
      "metadata": {
        "description": "Conditional. The managed identity definition for this resource. Required if 'cMKKeyName' is not empty."
      }
    },
    "customerManagedKey": {
      "$ref": "#/definitions/customerManagedKeyType",
      "metadata": {
        "description": "Optional. The customer managed key definition."
      }
    },
    "maintenanceWindow": {
      "type": "object",
      "defaultValue": {},
      "metadata": {
        "description": "Optional. Properties for the maintenence window. If provided, \"customWindow\" property must exist and set to \"Enabled\"."
      }
    },
    "pointInTimeUTC": {
      "type": "string",
      "defaultValue": "",
      "metadata": {
        "description": "Conditional. Required if \"createMode\" is set to \"PointInTimeRestore\"."
      }
    },
    "sourceServerResourceId": {
      "type": "string",
      "defaultValue": "",
      "metadata": {
        "description": "Conditional. Required if \"createMode\" is set to \"PointInTimeRestore\"."
      }
    },
    "delegatedSubnetResourceId": {
      "type": "string",
      "defaultValue": "",
      "metadata": {
        "description": "Optional. Delegated subnet arm resource ID. Used when the desired connectivity mode is \"Private Access\" - virtual network integration."
      }
    },
    "privateDnsZoneArmResourceId": {
      "type": "string",
      "defaultValue": "",
      "metadata": {
        "description": "Optional. Private dns zone arm resource ID. Used when the desired connectivity mode is \"Private Access\" and required when \"delegatedSubnetResourceId\" is used. The Private DNS Zone must be lined to the Virtual Network referenced in \"delegatedSubnetResourceId\"."
      }
    },
    "firewallRules": {
      "type": "array",
      "defaultValue": [],
      "metadata": {
        "description": "Optional. The firewall rules to create in the PostgreSQL flexible server."
      }
    },
    "databases": {
      "type": "array",
      "defaultValue": [],
      "metadata": {
        "description": "Optional. The databases to create in the server."
      }
    },
    "configurations": {
      "type": "array",
      "defaultValue": [],
      "metadata": {
        "description": "Optional. The configurations to create in the server."
      }
    },
    "lock": {
      "$ref": "#/definitions/lockType",
      "metadata": {
        "description": "Optional. The lock settings of the service."
      }
    },
    "roleAssignments": {
      "$ref": "#/definitions/roleAssignmentType",
      "metadata": {
        "description": "Optional. Array of role assignments to create."
      }
    },
    "tags": {
      "type": "object",
      "nullable": true,
      "metadata": {
        "description": "Optional. Tags of the resource."
      }
    },
    "enableDefaultTelemetry": {
      "type": "bool",
      "defaultValue": true,
      "metadata": {
        "description": "Optional. Enable telemetry via a Globally Unique Identifier (GUID)."
      }
    },
    "diagnosticSettings": {
      "$ref": "#/definitions/diagnosticSettingType",
      "metadata": {
        "description": "Optional. The diagnostic settings of the service."
      }
    }
  },
  "variables": {
    "formattedUserAssignedIdentities": "[reduce(map(coalesce(tryGet(parameters('managedIdentities'), 'userAssignedResourceIds'), createArray()), lambda('id', createObject(format('{0}', lambdaVariables('id')), createObject()))), createObject(), lambda('cur', 'next', union(lambdaVariables('cur'), lambdaVariables('next'))))]",
    "identity": "[if(not(empty(parameters('managedIdentities'))), createObject('type', if(not(empty(coalesce(tryGet(parameters('managedIdentities'), 'userAssignedResourceIds'), createObject()))), 'UserAssigned', null()), 'userAssignedIdentities', if(not(empty(variables('formattedUserAssignedIdentities'))), variables('formattedUserAssignedIdentities'), null())), null())]",
    "enableReferencedModulesTelemetry": false,
    "builtInRoleNames": {
      "Contributor": "[subscriptionResourceId('Microsoft.Authorization/roleDefinitions', 'b24988ac-6180-42a0-ab88-20f7382dd24c')]",
      "Owner": "[subscriptionResourceId('Microsoft.Authorization/roleDefinitions', '8e3af657-a8ff-443c-a75c-2fe8c4bcb635')]",
      "Reader": "[subscriptionResourceId('Microsoft.Authorization/roleDefinitions', 'acdd72a7-3385-48ef-bd42-f606fba81ae7')]",
      "Role Based Access Control Administrator (Preview)": "[subscriptionResourceId('Microsoft.Authorization/roleDefinitions', 'f58310d9-a9f6-439a-9e8d-f62e7b41a168')]",
      "User Access Administrator": "[subscriptionResourceId('Microsoft.Authorization/roleDefinitions', '18d7d88d-d35e-4fb5-a5c3-7773c20a72d9')]"
    }
  },
  "resources": {
    "cMKKeyVault::cMKKey": {
      "condition": "[and(not(empty(tryGet(parameters('customerManagedKey'), 'keyVaultResourceId'))), and(not(empty(tryGet(parameters('customerManagedKey'), 'keyVaultResourceId'))), not(empty(tryGet(parameters('customerManagedKey'), 'keyName')))))]",
      "existing": true,
      "type": "Microsoft.KeyVault/vaults/keys",
      "apiVersion": "2023-02-01",
      "subscriptionId": "[split(coalesce(tryGet(parameters('customerManagedKey'), 'keyVaultResourceId'), '//'), '/')[2]]",
      "resourceGroup": "[split(coalesce(tryGet(parameters('customerManagedKey'), 'keyVaultResourceId'), '////'), '/')[4]]",
      "name": "[format('{0}/{1}', last(split(coalesce(tryGet(parameters('customerManagedKey'), 'keyVaultResourceId'), 'dummyVault'), '/')), coalesce(tryGet(parameters('customerManagedKey'), 'keyName'), 'dummyKey'))]",
      "dependsOn": [
        "cMKKeyVault"
      ]
    },
    "defaultTelemetry": {
      "condition": "[parameters('enableDefaultTelemetry')]",
      "type": "Microsoft.Resources/deployments",
      "apiVersion": "2021-04-01",
      "name": "[format('pid-47ed15a6-730a-4827-bcb4-0fd963ffbd82-{0}', uniqueString(deployment().name, parameters('location')))]",
      "properties": {
        "mode": "Incremental",
        "template": {
          "$schema": "https://schema.management.azure.com/schemas/2019-04-01/deploymentTemplate.json#",
          "contentVersion": "1.0.0.0",
          "resources": []
        }
      }
    },
    "cMKKeyVault": {
      "condition": "[not(empty(tryGet(parameters('customerManagedKey'), 'keyVaultResourceId')))]",
      "existing": true,
      "type": "Microsoft.KeyVault/vaults",
      "apiVersion": "2023-02-01",
      "subscriptionId": "[split(coalesce(tryGet(parameters('customerManagedKey'), 'keyVaultResourceId'), '//'), '/')[2]]",
      "resourceGroup": "[split(coalesce(tryGet(parameters('customerManagedKey'), 'keyVaultResourceId'), '////'), '/')[4]]",
      "name": "[last(split(coalesce(tryGet(parameters('customerManagedKey'), 'keyVaultResourceId'), 'dummyVault'), '/'))]"
    },
    "cMKUserAssignedIdentity": {
      "condition": "[not(empty(tryGet(parameters('customerManagedKey'), 'userAssignedIdentityResourceId')))]",
      "existing": true,
      "type": "Microsoft.ManagedIdentity/userAssignedIdentities",
      "apiVersion": "2023-01-31",
      "subscriptionId": "[split(coalesce(tryGet(parameters('customerManagedKey'), 'userAssignedIdentityResourceId'), '//'), '/')[2]]",
      "resourceGroup": "[split(coalesce(tryGet(parameters('customerManagedKey'), 'userAssignedIdentityResourceId'), '////'), '/')[4]]",
      "name": "[last(split(coalesce(tryGet(parameters('customerManagedKey'), 'userAssignedIdentityResourceId'), 'dummyMsi'), '/'))]"
    },
    "flexibleServer": {
      "type": "Microsoft.DBforPostgreSQL/flexibleServers",
      "apiVersion": "2022-12-01",
      "name": "[parameters('name')]",
      "location": "[parameters('location')]",
      "tags": "[parameters('tags')]",
      "sku": {
        "name": "[parameters('skuName')]",
        "tier": "[parameters('tier')]"
      },
      "identity": "[variables('identity')]",
      "properties": {
        "administratorLogin": "[if(not(empty(parameters('administratorLogin'))), parameters('administratorLogin'), null())]",
        "administratorLoginPassword": "[if(not(empty(parameters('administratorLoginPassword'))), parameters('administratorLoginPassword'), null())]",
        "authConfig": {
          "activeDirectoryAuth": "[parameters('activeDirectoryAuth')]",
          "passwordAuth": "[parameters('passwordAuth')]",
          "tenantId": "[if(not(empty(parameters('tenantId'))), parameters('tenantId'), null())]"
        },
        "availabilityZone": "[parameters('availabilityZone')]",
        "backup": {
          "backupRetentionDays": "[parameters('backupRetentionDays')]",
          "geoRedundantBackup": "[parameters('geoRedundantBackup')]"
        },
        "createMode": "[parameters('createMode')]",
        "dataEncryption": "[if(not(empty(parameters('customerManagedKey'))), createObject('primaryKeyURI', if(not(empty(coalesce(tryGet(parameters('customerManagedKey'), 'keyVersion'), ''))), format('{0}/{1}', reference('cMKKeyVault::cMKKey').keyUri, parameters('customerManagedKey').keyVersion), reference('cMKKeyVault::cMKKey').keyUriWithVersion), 'primaryUserAssignedIdentityId', extensionResourceId(format('/subscriptions/{0}/resourceGroups/{1}', split(coalesce(tryGet(parameters('customerManagedKey'), 'userAssignedIdentityResourceId'), '//'), '/')[2], split(coalesce(tryGet(parameters('customerManagedKey'), 'userAssignedIdentityResourceId'), '////'), '/')[4]), 'Microsoft.ManagedIdentity/userAssignedIdentities', last(split(coalesce(tryGet(parameters('customerManagedKey'), 'userAssignedIdentityResourceId'), 'dummyMsi'), '/'))), 'type', 'AzureKeyVault'), null())]",
        "highAvailability": {
          "mode": "[parameters('highAvailability')]",
          "standbyAvailabilityZone": "[if(equals(parameters('highAvailability'), 'SameZone'), parameters('availabilityZone'), null())]"
        },
        "maintenanceWindow": "[if(not(empty(parameters('maintenanceWindow'))), createObject('customWindow', parameters('maintenanceWindow').customWindow, 'dayOfWeek', if(equals(parameters('maintenanceWindow').customWindow, 'Enabled'), parameters('maintenanceWindow').dayOfWeek, 0), 'startHour', if(equals(parameters('maintenanceWindow').customWindow, 'Enabled'), parameters('maintenanceWindow').startHour, 0), 'startMinute', if(equals(parameters('maintenanceWindow').customWindow, 'Enabled'), parameters('maintenanceWindow').startMinute, 0)), null())]",
        "network": "[if(and(not(empty(parameters('delegatedSubnetResourceId'))), empty(parameters('firewallRules'))), createObject('delegatedSubnetResourceId', parameters('delegatedSubnetResourceId'), 'privateDnsZoneArmResourceId', parameters('privateDnsZoneArmResourceId')), null())]",
        "pointInTimeUTC": "[if(equals(parameters('createMode'), 'PointInTimeRestore'), parameters('pointInTimeUTC'), null())]",
        "sourceServerResourceId": "[if(equals(parameters('createMode'), 'PointInTimeRestore'), parameters('sourceServerResourceId'), null())]",
        "storage": {
          "storageSizeGB": "[parameters('storageSizeGB')]"
        },
        "version": "[parameters('version')]"
      },
      "dependsOn": [
        "cMKKeyVault",
        "cMKUserAssignedIdentity"
      ]
    },
    "flexibleServer_lock": {
      "condition": "[and(not(empty(coalesce(parameters('lock'), createObject()))), not(equals(tryGet(parameters('lock'), 'kind'), 'None')))]",
      "type": "Microsoft.Authorization/locks",
      "apiVersion": "2020-05-01",
      "scope": "[format('Microsoft.DBforPostgreSQL/flexibleServers/{0}', parameters('name'))]",
      "name": "[coalesce(tryGet(parameters('lock'), 'name'), format('lock-{0}', parameters('name')))]",
      "properties": {
        "level": "[coalesce(tryGet(parameters('lock'), 'kind'), '')]",
        "notes": "[if(equals(tryGet(parameters('lock'), 'kind'), 'CanNotDelete'), 'Cannot delete resource or child resources.', 'Cannot delete or modify the resource or child resources.')]"
      },
      "dependsOn": [
        "flexibleServer"
      ]
    },
    "flexibleServer_roleAssignments": {
      "copy": {
        "name": "flexibleServer_roleAssignments",
        "count": "[length(coalesce(parameters('roleAssignments'), createArray()))]"
      },
      "type": "Microsoft.Authorization/roleAssignments",
      "apiVersion": "2022-04-01",
      "scope": "[format('Microsoft.DBforPostgreSQL/flexibleServers/{0}', parameters('name'))]",
      "name": "[guid(resourceId('Microsoft.DBforPostgreSQL/flexibleServers', parameters('name')), coalesce(parameters('roleAssignments'), createArray())[copyIndex()].principalId, coalesce(parameters('roleAssignments'), createArray())[copyIndex()].roleDefinitionIdOrName)]",
      "properties": {
        "roleDefinitionId": "[if(contains(variables('builtInRoleNames'), coalesce(parameters('roleAssignments'), createArray())[copyIndex()].roleDefinitionIdOrName), variables('builtInRoleNames')[coalesce(parameters('roleAssignments'), createArray())[copyIndex()].roleDefinitionIdOrName], if(contains(coalesce(parameters('roleAssignments'), createArray())[copyIndex()].roleDefinitionIdOrName, '/providers/Microsoft.Authorization/roleDefinitions/'), coalesce(parameters('roleAssignments'), createArray())[copyIndex()].roleDefinitionIdOrName, subscriptionResourceId('Microsoft.Authorization/roleDefinitions', coalesce(parameters('roleAssignments'), createArray())[copyIndex()].roleDefinitionIdOrName)))]",
        "principalId": "[coalesce(parameters('roleAssignments'), createArray())[copyIndex()].principalId]",
        "description": "[tryGet(coalesce(parameters('roleAssignments'), createArray())[copyIndex()], 'description')]",
        "principalType": "[tryGet(coalesce(parameters('roleAssignments'), createArray())[copyIndex()], 'principalType')]",
        "condition": "[tryGet(coalesce(parameters('roleAssignments'), createArray())[copyIndex()], 'condition')]",
        "conditionVersion": "[if(not(empty(tryGet(coalesce(parameters('roleAssignments'), createArray())[copyIndex()], 'condition'))), coalesce(tryGet(coalesce(parameters('roleAssignments'), createArray())[copyIndex()], 'conditionVersion'), '2.0'), null())]",
        "delegatedManagedIdentityResourceId": "[tryGet(coalesce(parameters('roleAssignments'), createArray())[copyIndex()], 'delegatedManagedIdentityResourceId')]"
      },
      "dependsOn": [
        "flexibleServer"
      ]
    },
    "flexibleServer_diagnosticSettings": {
      "copy": {
        "name": "flexibleServer_diagnosticSettings",
        "count": "[length(coalesce(parameters('diagnosticSettings'), createArray()))]"
      },
      "type": "Microsoft.Insights/diagnosticSettings",
      "apiVersion": "2021-05-01-preview",
      "scope": "[format('Microsoft.DBforPostgreSQL/flexibleServers/{0}', parameters('name'))]",
      "name": "[coalesce(tryGet(coalesce(parameters('diagnosticSettings'), createArray())[copyIndex()], 'name'), format('{0}-diagnosticSettings', parameters('name')))]",
      "properties": {
        "storageAccountId": "[tryGet(coalesce(parameters('diagnosticSettings'), createArray())[copyIndex()], 'storageAccountResourceId')]",
        "workspaceId": "[tryGet(coalesce(parameters('diagnosticSettings'), createArray())[copyIndex()], 'workspaceResourceId')]",
        "eventHubAuthorizationRuleId": "[tryGet(coalesce(parameters('diagnosticSettings'), createArray())[copyIndex()], 'eventHubAuthorizationRuleResourceId')]",
        "eventHubName": "[tryGet(coalesce(parameters('diagnosticSettings'), createArray())[copyIndex()], 'eventHubName')]",
        "metrics": "[coalesce(tryGet(coalesce(parameters('diagnosticSettings'), createArray())[copyIndex()], 'metricCategories'), createArray(createObject('category', 'AllMetrics', 'timeGrain', null(), 'enabled', true())))]",
        "logs": "[coalesce(tryGet(coalesce(parameters('diagnosticSettings'), createArray())[copyIndex()], 'logCategoriesAndGroups'), createArray(createObject('categoryGroup', 'AllLogs', 'enabled', true())))]",
        "marketplacePartnerId": "[tryGet(coalesce(parameters('diagnosticSettings'), createArray())[copyIndex()], 'marketplacePartnerResourceId')]",
        "logAnalyticsDestinationType": "[tryGet(coalesce(parameters('diagnosticSettings'), createArray())[copyIndex()], 'logAnalyticsDestinationType')]"
      },
      "dependsOn": [
        "flexibleServer"
      ]
    },
    "flexibleServer_databases": {
      "copy": {
        "name": "flexibleServer_databases",
        "count": "[length(parameters('databases'))]"
      },
      "type": "Microsoft.Resources/deployments",
      "apiVersion": "2022-09-01",
      "name": "[format('{0}-PostgreSQL-DB-{1}', uniqueString(deployment().name, parameters('location')), copyIndex())]",
      "properties": {
        "expressionEvaluationOptions": {
          "scope": "inner"
        },
        "mode": "Incremental",
        "parameters": {
          "name": {
            "value": "[parameters('databases')[copyIndex()].name]"
          },
          "flexibleServerName": {
            "value": "[parameters('name')]"
          },
          "collation": "[if(contains(parameters('databases')[copyIndex()], 'collation'), createObject('value', parameters('databases')[copyIndex()].collation), createObject('value', ''))]",
          "charset": "[if(contains(parameters('databases')[copyIndex()], 'charset'), createObject('value', parameters('databases')[copyIndex()].charset), createObject('value', ''))]",
          "enableDefaultTelemetry": {
            "value": "[variables('enableReferencedModulesTelemetry')]"
          }
        },
        "template": {
          "$schema": "https://schema.management.azure.com/schemas/2019-04-01/deploymentTemplate.json#",
          "contentVersion": "1.0.0.0",
          "metadata": {
            "_generator": {
              "name": "bicep",
              "version": "0.23.1.45101",
              "templateHash": "16111012435403700897"
            },
            "name": "DBforPostgreSQL Flexible Server Databases",
            "description": "This module deploys a DBforPostgreSQL Flexible Server Database.",
            "owner": "Azure/module-maintainers"
          },
          "parameters": {
            "name": {
              "type": "string",
              "metadata": {
                "description": "Required. The name of the database."
              }
            },
            "flexibleServerName": {
              "type": "string",
              "metadata": {
                "description": "Conditional. The name of the parent PostgreSQL flexible server. Required if the template is used in a standalone deployment."
              }
            },
            "collation": {
              "type": "string",
              "defaultValue": "",
              "metadata": {
                "description": "Optional. The collation of the database."
              }
            },
            "charset": {
              "type": "string",
              "defaultValue": "",
              "metadata": {
                "description": "Optional. The charset of the database."
              }
            },
            "location": {
              "type": "string",
              "defaultValue": "[resourceGroup().location]",
              "metadata": {
                "description": "Optional. Location for all resources."
              }
            },
            "enableDefaultTelemetry": {
              "type": "bool",
              "defaultValue": true,
              "metadata": {
                "description": "Optional. Enable telemetry via a Globally Unique Identifier (GUID)."
              }
            }
          },
          "resources": [
            {
              "condition": "[parameters('enableDefaultTelemetry')]",
              "type": "Microsoft.Resources/deployments",
              "apiVersion": "2021-04-01",
              "name": "[format('pid-47ed15a6-730a-4827-bcb4-0fd963ffbd82-{0}', uniqueString(deployment().name, parameters('location')))]",
              "properties": {
                "mode": "Incremental",
                "template": {
                  "$schema": "https://schema.management.azure.com/schemas/2019-04-01/deploymentTemplate.json#",
                  "contentVersion": "1.0.0.0",
                  "resources": []
                }
              }
            },
            {
              "type": "Microsoft.DBforPostgreSQL/flexibleServers/databases",
              "apiVersion": "2022-12-01",
              "name": "[format('{0}/{1}', parameters('flexibleServerName'), parameters('name'))]",
              "properties": {
                "collation": "[if(not(empty(parameters('collation'))), parameters('collation'), null())]",
                "charset": "[if(not(empty(parameters('charset'))), parameters('charset'), null())]"
              }
            }
          ],
          "outputs": {
            "name": {
              "type": "string",
              "metadata": {
                "description": "The name of the deployed database."
              },
              "value": "[parameters('name')]"
            },
            "resourceId": {
              "type": "string",
              "metadata": {
                "description": "The resource ID of the deployed database."
              },
              "value": "[resourceId('Microsoft.DBforPostgreSQL/flexibleServers/databases', parameters('flexibleServerName'), parameters('name'))]"
            },
            "resourceGroupName": {
              "type": "string",
              "metadata": {
                "description": "The resource group of the deployed database."
              },
              "value": "[resourceGroup().name]"
            }
          }
        }
      },
      "dependsOn": [
        "flexibleServer"
      ]
    },
    "flexibleServer_firewallRules": {
      "copy": {
        "name": "flexibleServer_firewallRules",
        "count": "[length(parameters('firewallRules'))]"
      },
      "type": "Microsoft.Resources/deployments",
      "apiVersion": "2022-09-01",
      "name": "[format('{0}-PostgreSQL-FirewallRules-{1}', uniqueString(deployment().name, parameters('location')), copyIndex())]",
      "properties": {
        "expressionEvaluationOptions": {
          "scope": "inner"
        },
        "mode": "Incremental",
        "parameters": {
          "name": {
            "value": "[parameters('firewallRules')[copyIndex()].name]"
          },
          "flexibleServerName": {
            "value": "[parameters('name')]"
          },
          "startIpAddress": {
            "value": "[parameters('firewallRules')[copyIndex()].startIpAddress]"
          },
          "endIpAddress": {
            "value": "[parameters('firewallRules')[copyIndex()].endIpAddress]"
          },
          "enableDefaultTelemetry": {
            "value": "[variables('enableReferencedModulesTelemetry')]"
          }
        },
        "template": {
          "$schema": "https://schema.management.azure.com/schemas/2019-04-01/deploymentTemplate.json#",
          "contentVersion": "1.0.0.0",
          "metadata": {
            "_generator": {
              "name": "bicep",
              "version": "0.23.1.45101",
              "templateHash": "12680201884935036782"
            },
            "name": "DBforPostgreSQL Flexible Server Firewall Rules",
            "description": "This module deploys a DBforPostgreSQL Flexible Server Firewall Rule.",
            "owner": "Azure/module-maintainers"
          },
          "parameters": {
            "name": {
              "type": "string",
              "metadata": {
                "description": "Required. The name of the PostgreSQL flexible server Firewall Rule."
              }
            },
            "startIpAddress": {
              "type": "string",
              "metadata": {
                "description": "Required. The start IP address of the firewall rule. Must be IPv4 format. Use value '0.0.0.0' for all Azure-internal IP addresses."
              }
            },
            "endIpAddress": {
              "type": "string",
              "metadata": {
                "description": "Required. The end IP address of the firewall rule. Must be IPv4 format. Must be greater than or equal to startIpAddress. Use value '0.0.0.0' for all Azure-internal IP addresses."
              }
            },
            "flexibleServerName": {
              "type": "string",
              "metadata": {
                "description": "Conditional. The name of the parent PostgreSQL flexible server. Required if the template is used in a standalone deployment."
              }
            },
            "enableDefaultTelemetry": {
              "type": "bool",
              "defaultValue": true,
              "metadata": {
                "description": "Optional. Enable telemetry via a Globally Unique Identifier (GUID)."
              }
            }
          },
          "resources": [
            {
              "condition": "[parameters('enableDefaultTelemetry')]",
              "type": "Microsoft.Resources/deployments",
              "apiVersion": "2021-04-01",
              "name": "[format('pid-47ed15a6-730a-4827-bcb4-0fd963ffbd82-{0}', uniqueString(deployment().name))]",
              "properties": {
                "mode": "Incremental",
                "template": {
                  "$schema": "https://schema.management.azure.com/schemas/2019-04-01/deploymentTemplate.json#",
                  "contentVersion": "1.0.0.0",
                  "resources": []
                }
              }
            },
            {
              "type": "Microsoft.DBforPostgreSQL/flexibleServers/firewallRules",
              "apiVersion": "2022-12-01",
              "name": "[format('{0}/{1}', parameters('flexibleServerName'), parameters('name'))]",
              "properties": {
                "endIpAddress": "[parameters('endIpAddress')]",
                "startIpAddress": "[parameters('startIpAddress')]"
              }
            }
          ],
          "outputs": {
            "name": {
              "type": "string",
              "metadata": {
                "description": "The name of the deployed firewall rule."
              },
              "value": "[parameters('name')]"
            },
            "resourceId": {
              "type": "string",
              "metadata": {
                "description": "The resource ID of the deployed firewall rule."
              },
              "value": "[resourceId('Microsoft.DBforPostgreSQL/flexibleServers/firewallRules', parameters('flexibleServerName'), parameters('name'))]"
            },
            "resourceGroupName": {
              "type": "string",
              "metadata": {
                "description": "The resource group of the deployed firewall rule."
              },
              "value": "[resourceGroup().name]"
            }
          }
        }
      },
      "dependsOn": [
        "flexibleServer",
        "flexibleServer_databases"
      ]
    },
    "flexibleServer_configurations": {
      "copy": {
        "name": "flexibleServer_configurations",
        "count": "[length(parameters('configurations'))]",
        "mode": "serial",
        "batchSize": 1
      },
      "type": "Microsoft.Resources/deployments",
      "apiVersion": "2022-09-01",
      "name": "[format('{0}-PostgreSQL-Configurations-{1}', uniqueString(deployment().name, parameters('location')), copyIndex())]",
      "properties": {
        "expressionEvaluationOptions": {
          "scope": "inner"
        },
        "mode": "Incremental",
        "parameters": {
          "name": {
            "value": "[parameters('configurations')[copyIndex()].name]"
          },
          "flexibleServerName": {
            "value": "[parameters('name')]"
          },
          "source": "[if(contains(parameters('configurations')[copyIndex()], 'source'), createObject('value', parameters('configurations')[copyIndex()].source), createObject('value', ''))]",
          "value": "[if(contains(parameters('configurations')[copyIndex()], 'value'), createObject('value', parameters('configurations')[copyIndex()].value), createObject('value', ''))]",
          "enableDefaultTelemetry": {
            "value": "[variables('enableReferencedModulesTelemetry')]"
          }
        },
        "template": {
          "$schema": "https://schema.management.azure.com/schemas/2019-04-01/deploymentTemplate.json#",
          "contentVersion": "1.0.0.0",
          "metadata": {
            "_generator": {
              "name": "bicep",
              "version": "0.23.1.45101",
              "templateHash": "16469307943232243904"
            },
            "name": "DBforPostgreSQL Flexible Server Configurations",
            "description": "This module deploys a DBforPostgreSQL Flexible Server Configuration.",
            "owner": "Azure/module-maintainers"
          },
          "parameters": {
            "name": {
              "type": "string",
              "metadata": {
                "description": "Required. The name of the configuration."
              }
            },
            "flexibleServerName": {
              "type": "string",
              "metadata": {
                "description": "Conditional. The name of the parent PostgreSQL flexible server. Required if the template is used in a standalone deployment."
              }
            },
            "source": {
              "type": "string",
              "defaultValue": "",
              "metadata": {
                "description": "Optional. Source of the configuration."
              }
            },
            "value": {
              "type": "string",
              "defaultValue": "",
              "metadata": {
                "description": "Optional. Value of the configuration."
              }
            },
            "location": {
              "type": "string",
              "defaultValue": "[resourceGroup().location]",
              "metadata": {
                "description": "Optional. Location for all resources."
              }
            },
            "enableDefaultTelemetry": {
              "type": "bool",
              "defaultValue": true,
              "metadata": {
                "description": "Optional. Enable telemetry via a Globally Unique Identifier (GUID)."
              }
            }
          },
          "resources": [
            {
              "condition": "[parameters('enableDefaultTelemetry')]",
              "type": "Microsoft.Resources/deployments",
              "apiVersion": "2021-04-01",
              "name": "[format('pid-47ed15a6-730a-4827-bcb4-0fd963ffbd82-{0}', uniqueString(deployment().name, parameters('location')))]",
              "properties": {
                "mode": "Incremental",
                "template": {
                  "$schema": "https://schema.management.azure.com/schemas/2019-04-01/deploymentTemplate.json#",
                  "contentVersion": "1.0.0.0",
                  "resources": []
                }
              }
            },
            {
              "type": "Microsoft.DBforPostgreSQL/flexibleServers/configurations",
              "apiVersion": "2022-12-01",
              "name": "[format('{0}/{1}', parameters('flexibleServerName'), parameters('name'))]",
              "properties": {
                "source": "[if(not(empty(parameters('source'))), parameters('source'), null())]",
                "value": "[if(not(empty(parameters('value'))), parameters('value'), null())]"
              }
            }
          ],
          "outputs": {
            "name": {
              "type": "string",
              "metadata": {
                "description": "The name of the deployed configuration."
              },
              "value": "[parameters('name')]"
            },
            "resourceId": {
              "type": "string",
              "metadata": {
                "description": "The resource ID of the deployed configuration."
              },
              "value": "[resourceId('Microsoft.DBforPostgreSQL/flexibleServers/configurations', parameters('flexibleServerName'), parameters('name'))]"
            },
            "resourceGroupName": {
              "type": "string",
              "metadata": {
                "description": "The resource group of the deployed configuration."
              },
              "value": "[resourceGroup().name]"
            }
          }
        }
      },
      "dependsOn": [
        "flexibleServer",
        "flexibleServer_firewallRules"
      ]
    },
    "flexibleServer_administrators": {
      "copy": {
        "name": "flexibleServer_administrators",
        "count": "[length(parameters('administrators'))]"
      },
      "type": "Microsoft.Resources/deployments",
      "apiVersion": "2022-09-01",
      "name": "[format('{0}-PostgreSQL-Administrators-{1}', uniqueString(deployment().name, parameters('location')), copyIndex())]",
      "properties": {
        "expressionEvaluationOptions": {
          "scope": "inner"
        },
        "mode": "Incremental",
        "parameters": {
          "flexibleServerName": {
            "value": "[parameters('name')]"
          },
          "objectId": {
            "value": "[parameters('administrators')[copyIndex()].objectId]"
          },
          "principalName": {
            "value": "[parameters('administrators')[copyIndex()].principalName]"
          },
          "principalType": {
            "value": "[parameters('administrators')[copyIndex()].principalType]"
          },
          "tenantId": "[if(contains(parameters('administrators')[copyIndex()], 'tenantId'), createObject('value', parameters('administrators')[copyIndex()].tenantId), createObject('value', tenant().tenantId))]"
        },
        "template": {
          "$schema": "https://schema.management.azure.com/schemas/2019-04-01/deploymentTemplate.json#",
          "contentVersion": "1.0.0.0",
          "metadata": {
            "_generator": {
              "name": "bicep",
              "version": "0.23.1.45101",
              "templateHash": "13863840477045657155"
            },
            "name": "DBforPostgreSQL Flexible Server Administrators",
            "description": "This module deploys a DBforPostgreSQL Flexible Server Administrator.",
            "owner": "Azure/module-maintainers"
          },
          "parameters": {
            "flexibleServerName": {
              "type": "string",
              "metadata": {
                "description": "Conditional. The name of the parent PostgreSQL flexible server. Required if the template is used in a standalone deployment."
              }
            },
            "objectId": {
              "type": "string",
              "metadata": {
                "description": "Required. The objectId of the Active Directory administrator."
              }
            },
            "principalName": {
              "type": "string",
              "metadata": {
                "description": "Required. Active Directory administrator principal name."
              }
            },
            "principalType": {
              "type": "string",
              "allowedValues": [
                "Group",
                "ServicePrincipal",
                "Unknown",
                "User"
              ],
              "metadata": {
                "description": "Required. The principal type used to represent the type of Active Directory Administrator."
              }
            },
            "tenantId": {
              "type": "string",
              "defaultValue": "[tenant().tenantId]",
              "metadata": {
                "description": "Optional. The tenantId of the Active Directory administrator."
              }
            },
            "location": {
              "type": "string",
              "defaultValue": "[resourceGroup().location]",
              "metadata": {
                "description": "Optional. Location for all resources."
              }
            },
            "enableDefaultTelemetry": {
              "type": "bool",
              "defaultValue": true,
              "metadata": {
                "description": "Optional. Enable telemetry via a Globally Unique Identifier (GUID)."
              }
            }
          },
          "resources": [
            {
              "condition": "[parameters('enableDefaultTelemetry')]",
              "type": "Microsoft.Resources/deployments",
              "apiVersion": "2021-04-01",
              "name": "[format('pid-47ed15a6-730a-4827-bcb4-0fd963ffbd82-{0}', uniqueString(deployment().name, parameters('location')))]",
              "properties": {
                "mode": "Incremental",
                "template": {
                  "$schema": "https://schema.management.azure.com/schemas/2019-04-01/deploymentTemplate.json#",
                  "contentVersion": "1.0.0.0",
                  "resources": []
                }
              }
            },
            {
              "type": "Microsoft.DBforPostgreSQL/flexibleServers/administrators",
              "apiVersion": "2022-12-01",
              "name": "[format('{0}/{1}', parameters('flexibleServerName'), parameters('objectId'))]",
              "properties": {
                "principalName": "[parameters('principalName')]",
                "principalType": "[parameters('principalType')]",
                "tenantId": "[parameters('tenantId')]"
              }
            }
          ],
          "outputs": {
            "name": {
              "type": "string",
              "metadata": {
                "description": "The name of the deployed administrator."
              },
              "value": "[parameters('objectId')]"
            },
            "resourceId": {
              "type": "string",
              "metadata": {
                "description": "The resource ID of the deployed administrator."
              },
              "value": "[resourceId('Microsoft.DBforPostgreSQL/flexibleServers/administrators', parameters('flexibleServerName'), parameters('objectId'))]"
            },
            "resourceGroupName": {
              "type": "string",
              "metadata": {
                "description": "The resource group of the deployed administrator."
              },
              "value": "[resourceGroup().name]"
            }
          }
        }
      },
      "dependsOn": [
        "flexibleServer"
      ]
    }
  },
  "outputs": {
    "name": {
      "type": "string",
      "metadata": {
        "description": "The name of the deployed PostgreSQL Flexible server."
      },
      "value": "[parameters('name')]"
    },
    "resourceId": {
      "type": "string",
      "metadata": {
        "description": "The resource ID of the deployed PostgreSQL Flexible server."
      },
      "value": "[resourceId('Microsoft.DBforPostgreSQL/flexibleServers', parameters('name'))]"
    },
    "resourceGroupName": {
      "type": "string",
      "metadata": {
        "description": "The resource group of the deployed PostgreSQL Flexible server."
      },
      "value": "[resourceGroup().name]"
    },
    "location": {
      "type": "string",
      "metadata": {
        "description": "The location the resource was deployed into."
      },
      "value": "[reference('flexibleServer', '2022-12-01', 'full').location]"
    }
  }
}