{
  "$schema": "https://schema.management.azure.com/schemas/2019-04-01/deploymentTemplate.json#",
  "languageVersion": "2.0",
  "contentVersion": "1.0.0.0",
  "metadata": {
    "_generator": {
      "name": "bicep",
      "version": "0.23.1.45101",
      "templateHash": "13733131047823769084"
    },
    "name": "Compute Galleries Applications",
    "description": "This module deploys an Azure Compute Gallery Application.",
    "owner": "Azure/module-maintainers"
  },
  "definitions": {
    "roleAssignmentType": {
      "type": "array",
      "items": {
        "type": "object",
        "properties": {
          "roleDefinitionIdOrName": {
            "type": "string",
            "metadata": {
              "description": "Required. The name of the role to assign. If it cannot be found you can specify the role definition ID instead."
            }
          },
          "principalId": {
            "type": "string",
            "metadata": {
              "description": "Required. The principal ID of the principal (user/group/identity) to assign the role to."
            }
          },
          "principalType": {
            "type": "string",
            "allowedValues": [
              "Device",
              "ForeignGroup",
              "Group",
              "ServicePrincipal",
              "User"
            ],
            "nullable": true,
            "metadata": {
              "description": "Optional. The principal type of the assigned principal ID."
            }
          },
          "description": {
            "type": "string",
            "nullable": true,
            "metadata": {
              "description": "Optional. The description of the role assignment."
            }
          },
          "condition": {
            "type": "string",
            "nullable": true,
            "metadata": {
              "description": "Optional. The conditions on the role assignment. This limits the resources it can be assigned to. e.g.: @Resource[Microsoft.Storage/storageAccounts/blobServices/containers:ContainerName] StringEqualsIgnoreCase \"foo_storage_container\""
            }
          },
          "conditionVersion": {
            "type": "string",
            "allowedValues": [
              "2.0"
            ],
            "nullable": true,
            "metadata": {
              "description": "Optional. Version of the condition."
            }
          },
          "delegatedManagedIdentityResourceId": {
            "type": "string",
            "nullable": true,
            "metadata": {
              "description": "Optional. The Resource Id of the delegated managed identity resource."
            }
          }
        }
      },
      "nullable": true
    }
  },
  "parameters": {
    "name": {
      "type": "string",
      "metadata": {
        "description": "Required. Name of the application definition."
      }
    },
    "enableDefaultTelemetry": {
      "type": "bool",
      "defaultValue": true,
      "metadata": {
        "description": "Optional. Enable telemetry via a Globally Unique Identifier (GUID)."
      }
    },
    "location": {
      "type": "string",
      "defaultValue": "[resourceGroup().location]",
      "metadata": {
        "description": "Optional. Location for all resources."
      }
    },
    "galleryName": {
      "type": "string",
      "minLength": 1,
      "metadata": {
        "description": "Conditional. The name of the parent Azure Compute Gallery. Required if the template is used in a standalone deployment."
      }
    },
    "description": {
      "type": "string",
      "defaultValue": "",
      "metadata": {
        "description": "Optional. The description of this gallery Application Definition resource. This property is updatable."
      }
    },
    "eula": {
      "type": "string",
      "defaultValue": "",
      "metadata": {
        "description": "Optional. The Eula agreement for the gallery Application Definition. Has to be a valid URL."
      }
    },
    "privacyStatementUri": {
      "type": "string",
      "defaultValue": "",
      "metadata": {
        "description": "Optional. The privacy statement uri. Has to be a valid URL."
      }
    },
    "releaseNoteUri": {
      "type": "string",
      "defaultValue": "",
      "metadata": {
        "description": "Optional. The release note uri. Has to be a valid URL."
      }
    },
    "supportedOSType": {
      "type": "string",
      "defaultValue": "Windows",
      "allowedValues": [
        "Windows",
        "Linux"
      ],
      "metadata": {
        "description": "Optional. This property allows you to specify the supported type of the OS that application is built for."
      }
    },
    "endOfLifeDate": {
      "type": "string",
      "defaultValue": "",
      "metadata": {
        "description": "Optional. The end of life date of the gallery Image Definition. This property can be used for decommissioning purposes. This property is updatable. Allowed format: 2020-01-10T23:00:00.000Z."
      }
    },
    "roleAssignments": {
      "$ref": "#/definitions/roleAssignmentType",
      "metadata": {
        "description": "Optional. Array of role assignment objects that contain the 'roleDefinitionIdOrName' and 'principalId' to define RBAC role assignments on this resource. In the roleDefinitionIdOrName attribute, you can provide either the display name of the role definition, or its fully qualified ID in the following format: '/providers/Microsoft.Authorization/roleDefinitions/c2f4ef07-c644-48eb-af81-4b1b4947fb11'."
      }
    },
    "tags": {
      "type": "object",
      "nullable": true,
      "metadata": {
        "description": "Optional. Tags for all resources."
      }
    },
    "customActions": {
      "type": "array",
      "defaultValue": [],
      "metadata": {
        "description": "Optional. A list of custom actions that can be performed with all of the Gallery Application Versions within this Gallery Application."
      }
    }
  },
  "variables": {
    "builtInRoleNames": {
      "Compute Gallery Sharing Admin": "[subscriptionResourceId('Microsoft.Authorization/roleDefinitions', '1ef6a3be-d0ac-425d-8c01-acb62866290b')]",
      "Contributor": "[subscriptionResourceId('Microsoft.Authorization/roleDefinitions', 'b24988ac-6180-42a0-ab88-20f7382dd24c')]",
      "Owner": "[subscriptionResourceId('Microsoft.Authorization/roleDefinitions', '8e3af657-a8ff-443c-a75c-2fe8c4bcb635')]",
      "Reader": "[subscriptionResourceId('Microsoft.Authorization/roleDefinitions', 'acdd72a7-3385-48ef-bd42-f606fba81ae7')]",
      "Role Based Access Control Administrator (Preview)": "[subscriptionResourceId('Microsoft.Authorization/roleDefinitions', 'f58310d9-a9f6-439a-9e8d-f62e7b41a168')]",
      "User Access Administrator": "[subscriptionResourceId('Microsoft.Authorization/roleDefinitions', '18d7d88d-d35e-4fb5-a5c3-7773c20a72d9')]"
    }
  },
  "resources": {
    "defaultTelemetry": {
      "condition": "[parameters('enableDefaultTelemetry')]",
      "type": "Microsoft.Resources/deployments",
      "apiVersion": "2021-04-01",
      "name": "[format('pid-47ed15a6-730a-4827-bcb4-0fd963ffbd82-{0}', uniqueString(deployment().name, parameters('location')))]",
      "properties": {
        "mode": "Incremental",
        "template": {
          "$schema": "https://schema.management.azure.com/schemas/2019-04-01/deploymentTemplate.json#",
          "contentVersion": "1.0.0.0",
          "resources": []
        }
      }
    },
    "gallery": {
      "existing": true,
      "type": "Microsoft.Compute/galleries",
      "apiVersion": "2022-03-03",
      "name": "[parameters('galleryName')]"
    },
    "application": {
      "type": "Microsoft.Compute/galleries/applications",
      "apiVersion": "2022-03-03",
      "name": "[format('{0}/{1}', parameters('galleryName'), parameters('name'))]",
      "location": "[parameters('location')]",
      "tags": "[parameters('tags')]",
      "properties": {
        "customActions": "[if(not(empty(parameters('customActions'))), parameters('customActions'), null())]",
        "description": "[parameters('description')]",
        "endOfLifeDate": "[parameters('endOfLifeDate')]",
        "eula": "[parameters('eula')]",
        "privacyStatementUri": "[parameters('privacyStatementUri')]",
        "releaseNoteUri": "[parameters('releaseNoteUri')]",
        "supportedOSType": "[parameters('supportedOSType')]"
      },
      "dependsOn": [
        "gallery"
      ]
    },
    "application_roleAssignments": {
      "copy": {
        "name": "application_roleAssignments",
        "count": "[length(coalesce(parameters('roleAssignments'), createArray()))]"
      },
      "type": "Microsoft.Authorization/roleAssignments",
      "apiVersion": "2022-04-01",
      "scope": "[format('Microsoft.Compute/galleries/{0}/applications/{1}', parameters('galleryName'), parameters('name'))]",
      "name": "[guid(resourceId('Microsoft.Compute/galleries/applications', parameters('galleryName'), parameters('name')), coalesce(parameters('roleAssignments'), createArray())[copyIndex()].principalId, coalesce(parameters('roleAssignments'), createArray())[copyIndex()].roleDefinitionIdOrName)]",
      "properties": {
        "roleDefinitionId": "[if(contains(variables('builtInRoleNames'), coalesce(parameters('roleAssignments'), createArray())[copyIndex()].roleDefinitionIdOrName), variables('builtInRoleNames')[coalesce(parameters('roleAssignments'), createArray())[copyIndex()].roleDefinitionIdOrName], if(contains(coalesce(parameters('roleAssignments'), createArray())[copyIndex()].roleDefinitionIdOrName, '/providers/Microsoft.Authorization/roleDefinitions/'), coalesce(parameters('roleAssignments'), createArray())[copyIndex()].roleDefinitionIdOrName, subscriptionResourceId('Microsoft.Authorization/roleDefinitions', coalesce(parameters('roleAssignments'), createArray())[copyIndex()].roleDefinitionIdOrName)))]",
        "principalId": "[coalesce(parameters('roleAssignments'), createArray())[copyIndex()].principalId]",
        "description": "[tryGet(coalesce(parameters('roleAssignments'), createArray())[copyIndex()], 'description')]",
        "principalType": "[tryGet(coalesce(parameters('roleAssignments'), createArray())[copyIndex()], 'principalType')]",
        "condition": "[tryGet(coalesce(parameters('roleAssignments'), createArray())[copyIndex()], 'condition')]",
        "conditionVersion": "[if(not(empty(tryGet(coalesce(parameters('roleAssignments'), createArray())[copyIndex()], 'condition'))), coalesce(tryGet(coalesce(parameters('roleAssignments'), createArray())[copyIndex()], 'conditionVersion'), '2.0'), null())]",
        "delegatedManagedIdentityResourceId": "[tryGet(coalesce(parameters('roleAssignments'), createArray())[copyIndex()], 'delegatedManagedIdentityResourceId')]"
      },
      "dependsOn": [
        "application"
      ]
    }
  },
  "outputs": {
    "resourceGroupName": {
      "type": "string",
      "metadata": {
        "description": "The resource group the image was deployed into."
      },
      "value": "[resourceGroup().name]"
    },
    "resourceId": {
      "type": "string",
      "metadata": {
        "description": "The resource ID of the image."
      },
      "value": "[resourceId('Microsoft.Compute/galleries/applications', parameters('galleryName'), parameters('name'))]"
    },
    "name": {
      "type": "string",
      "metadata": {
        "description": "The name of the image."
      },
      "value": "[parameters('name')]"
    },
    "location": {
      "type": "string",
      "metadata": {
        "description": "The location the resource was deployed into."
      },
      "value": "[reference('application', '2022-03-03', 'full').location]"
    }
  }
}