{
  "$schema": "https://schema.management.azure.com/schemas/2019-04-01/deploymentTemplate.json#",
  "contentVersion": "1.0.0.0",
  "metadata": {
    "_generator": {
      "name": "bicep",
      "version": "0.23.1.45101",
      "templateHash": "11512052528068634292"
    },
    "name": "API Management Service APIs",
    "description": "This module deploys an API Management Service API.",
    "owner": "Azure/module-maintainers"
  },
  "parameters": {
    "name": {
      "type": "string",
      "metadata": {
        "description": "Required. API revision identifier. Must be unique in the current API Management service instance. Non-current revision has ;rev=n as a suffix where n is the revision number."
      }
    },
    "policies": {
      "type": "array",
      "defaultValue": [],
      "metadata": {
        "description": "Optional. Array of Policies to apply to the Service API."
      }
    },
    "apiManagementServiceName": {
      "type": "string",
      "metadata": {
        "description": "Conditional. The name of the parent API Management service. Required if the template is used in a standalone deployment."
      }
    },
    "apiRevision": {
      "type": "string",
      "defaultValue": "",
      "metadata": {
        "description": "Optional. Describes the Revision of the API. If no value is provided, default revision 1 is created."
      }
    },
    "apiRevisionDescription": {
      "type": "string",
      "defaultValue": "",
      "metadata": {
        "description": "Optional. Description of the API Revision."
      }
    },
    "apiType": {
      "type": "string",
      "defaultValue": "http",
      "allowedValues": [
        "graphql",
        "http",
        "soap",
        "websocket"
      ],
      "metadata": {
        "description": "Optional. Type of API to create. * http creates a REST API * soap creates a SOAP pass-through API * websocket creates websocket API * graphql creates GraphQL API."
      }
    },
    "apiVersion": {
      "type": "string",
      "defaultValue": "",
      "metadata": {
        "description": "Optional. Indicates the Version identifier of the API if the API is versioned."
      }
    },
    "apiVersionSetId": {
      "type": "string",
      "defaultValue": "",
      "metadata": {
        "description": "Optional. Indicates the Version identifier of the API version set."
      }
    },
    "apiVersionDescription": {
      "type": "string",
      "defaultValue": "",
      "metadata": {
        "description": "Optional. Description of the API Version."
      }
    },
    "authenticationSettings": {
      "type": "object",
      "defaultValue": {},
      "metadata": {
        "description": "Optional. Collection of authentication settings included into this API."
      }
    },
    "enableDefaultTelemetry": {
      "type": "bool",
      "defaultValue": true,
      "metadata": {
        "description": "Optional. Enable telemetry via a Globally Unique Identifier (GUID)."
      }
    },
    "apiDescription": {
      "type": "string",
      "defaultValue": "",
      "metadata": {
        "description": "Optional. Description of the API. May include HTML formatting tags."
      }
    },
    "displayName": {
      "type": "string",
      "maxLength": 300,
      "metadata": {
        "description": "Required. API name. Must be 1 to 300 characters long."
      }
    },
    "format": {
      "type": "string",
      "defaultValue": "openapi",
      "allowedValues": [
        "wadl-xml",
        "wadl-link-json",
        "swagger-json",
        "swagger-link-json",
        "wsdl",
        "wsdl-link",
        "openapi",
        "openapi+json",
        "openapi-link",
        "openapi+json-link"
      ],
      "metadata": {
        "description": "Optional. Format of the Content in which the API is getting imported."
      }
    },
    "isCurrent": {
      "type": "bool",
      "defaultValue": true,
      "metadata": {
        "description": "Optional. Indicates if API revision is current API revision."
      }
    },
    "path": {
      "type": "string",
      "metadata": {
        "description": "Required. Relative URL uniquely identifying this API and all of its resource paths within the API Management service instance. It is appended to the API endpoint base URL specified during the service instance creation to form a public URL for this API."
      }
    },
    "protocols": {
      "type": "array",
      "defaultValue": [
        "https"
      ],
      "metadata": {
        "description": "Optional. Describes on which protocols the operations in this API can be invoked. - HTTP or HTTPS."
      }
    },
    "serviceUrl": {
      "type": "string",
      "defaultValue": "",
      "maxLength": 2000,
      "metadata": {
        "description": "Optional. Absolute URL of the backend service implementing this API. Cannot be more than 2000 characters long."
      }
    },
    "sourceApiId": {
      "type": "string",
      "defaultValue": "",
      "metadata": {
        "description": "Optional. API identifier of the source API."
      }
    },
    "subscriptionKeyParameterNames": {
      "type": "object",
      "defaultValue": {},
      "metadata": {
        "description": "Optional. Protocols over which API is made available."
      }
    },
    "subscriptionRequired": {
      "type": "bool",
      "defaultValue": false,
      "metadata": {
        "description": "Optional. Specifies whether an API or Product subscription is required for accessing the API."
      }
    },
    "type": {
      "type": "string",
      "defaultValue": "http",
      "allowedValues": [
        "graphql",
        "http",
        "soap",
        "websocket"
      ],
      "metadata": {
        "description": "Optional. Type of API."
      }
    },
    "value": {
      "type": "string",
      "defaultValue": "",
      "metadata": {
        "description": "Optional. Content value when Importing an API."
      }
    },
    "wsdlSelector": {
      "type": "object",
      "defaultValue": {},
      "metadata": {
        "description": "Optional. Criteria to limit import of WSDL to a subset of the document."
      }
    }
  },
  "variables": {
    "enableReferencedModulesTelemetry": false
  },
  "resources": [
    {
      "condition": "[parameters('enableDefaultTelemetry')]",
      "type": "Microsoft.Resources/deployments",
      "apiVersion": "2021-04-01",
      "name": "[format('pid-47ed15a6-730a-4827-bcb4-0fd963ffbd82-{0}', uniqueString(deployment().name))]",
      "properties": {
        "mode": "Incremental",
        "template": {
          "$schema": "https://schema.management.azure.com/schemas/2019-04-01/deploymentTemplate.json#",
          "contentVersion": "1.0.0.0",
          "resources": []
        }
      }
    },
    {
      "type": "Microsoft.ApiManagement/service/apis",
      "apiVersion": "2021-08-01",
      "name": "[format('{0}/{1}', parameters('apiManagementServiceName'), parameters('name'))]",
      "properties": {
        "apiRevision": "[if(not(empty(parameters('apiRevision'))), parameters('apiRevision'), null())]",
        "apiRevisionDescription": "[if(not(empty(parameters('apiRevisionDescription'))), parameters('apiRevisionDescription'), null())]",
        "apiType": "[if(not(empty(parameters('apiType'))), parameters('apiType'), null())]",
        "apiVersion": "[if(not(empty(parameters('apiVersion'))), parameters('apiVersion'), null())]",
        "apiVersionDescription": "[if(not(empty(parameters('apiVersionDescription'))), parameters('apiVersionDescription'), null())]",
        "apiVersionSetId": "[if(not(empty(parameters('apiVersionSetId'))), parameters('apiVersionSetId'), null())]",
        "authenticationSettings": "[parameters('authenticationSettings')]",
        "description": "[parameters('apiDescription')]",
        "displayName": "[parameters('displayName')]",
        "format": "[if(not(empty(parameters('value'))), parameters('format'), null())]",
        "isCurrent": "[parameters('isCurrent')]",
        "path": "[parameters('path')]",
        "protocols": "[parameters('protocols')]",
        "serviceUrl": "[if(not(empty(parameters('serviceUrl'))), parameters('serviceUrl'), null())]",
        "sourceApiId": "[if(not(empty(parameters('sourceApiId'))), parameters('sourceApiId'), null())]",
        "subscriptionKeyParameterNames": "[if(not(empty(parameters('subscriptionKeyParameterNames'))), parameters('subscriptionKeyParameterNames'), null())]",
        "subscriptionRequired": "[parameters('subscriptionRequired')]",
        "type": "[parameters('type')]",
        "value": "[if(not(empty(parameters('value'))), parameters('value'), null())]",
        "wsdlSelector": "[parameters('wsdlSelector')]"
      }
    },
    {
      "copy": {
        "name": "policy",
        "count": "[length(parameters('policies'))]"
      },
      "type": "Microsoft.Resources/deployments",
      "apiVersion": "2022-09-01",
      "name": "[format('{0}-Policy-{1}', deployment().name, copyIndex())]",
      "properties": {
        "expressionEvaluationOptions": {
          "scope": "inner"
        },
        "mode": "Incremental",
        "parameters": {
          "apiManagementServiceName": {
            "value": "[parameters('apiManagementServiceName')]"
          },
          "apiName": {
            "value": "[parameters('name')]"
          },
          "format": "[if(contains(parameters('policies')[copyIndex()], 'format'), createObject('value', parameters('policies')[copyIndex()].format), createObject('value', 'xml'))]",
          "value": {
            "value": "[parameters('policies')[copyIndex()].value]"
          },
          "enableDefaultTelemetry": {
            "value": "[variables('enableReferencedModulesTelemetry')]"
          }
        },
        "template": {
          "$schema": "https://schema.management.azure.com/schemas/2019-04-01/deploymentTemplate.json#",
          "contentVersion": "1.0.0.0",
          "metadata": {
            "_generator": {
              "name": "bicep",
              "version": "0.23.1.45101",
              "templateHash": "17230254380289042348"
            },
            "name": "API Management Service APIs Policies",
            "description": "This module deploys an API Management Service API Policy.",
            "owner": "Azure/module-maintainers"
          },
          "parameters": {
            "apiManagementServiceName": {
              "type": "string",
              "metadata": {
                "description": "Conditional. The name of the parent API Management service. Required if the template is used in a standalone deployment."
              }
            },
            "apiName": {
              "type": "string",
              "metadata": {
                "description": "Conditional. The name of the parent API. Required if the template is used in a standalone deployment."
              }
            },
            "name": {
              "type": "string",
              "defaultValue": "policy",
              "metadata": {
                "description": "Optional. The name of the policy."
              }
            },
            "enableDefaultTelemetry": {
              "type": "bool",
              "defaultValue": true,
              "metadata": {
                "description": "Optional. Enable telemetry via a Globally Unique Identifier (GUID)."
              }
            },
            "format": {
              "type": "string",
              "defaultValue": "xml",
              "allowedValues": [
                "rawxml",
                "rawxml-link",
                "xml",
                "xml-link"
              ],
              "metadata": {
                "description": "Optional. Format of the policyContent."
              }
            },
            "value": {
              "type": "string",
              "metadata": {
                "description": "Required. Contents of the Policy as defined by the format."
              }
            }
          },
          "resources": [
            {
              "condition": "[parameters('enableDefaultTelemetry')]",
              "type": "Microsoft.Resources/deployments",
              "apiVersion": "2021-04-01",
              "name": "[format('pid-47ed15a6-730a-4827-bcb4-0fd963ffbd82-{0}', uniqueString(deployment().name))]",
              "properties": {
                "mode": "Incremental",
                "template": {
                  "$schema": "https://schema.management.azure.com/schemas/2019-04-01/deploymentTemplate.json#",
                  "contentVersion": "1.0.0.0",
                  "resources": []
                }
              }
            },
            {
              "type": "Microsoft.ApiManagement/service/apis/policies",
              "apiVersion": "2021-08-01",
              "name": "[format('{0}/{1}/{2}', parameters('apiManagementServiceName'), parameters('apiName'), parameters('name'))]",
              "properties": {
                "format": "[parameters('format')]",
                "value": "[parameters('value')]"
              }
            }
          ],
          "outputs": {
            "resourceId": {
              "type": "string",
              "metadata": {
                "description": "The resource ID of the API policy."
              },
              "value": "[resourceId('Microsoft.ApiManagement/service/apis/policies', parameters('apiManagementServiceName'), parameters('apiName'), parameters('name'))]"
            },
            "name": {
              "type": "string",
              "metadata": {
                "description": "The name of the API policy."
              },
              "value": "[parameters('name')]"
            },
            "resourceGroupName": {
              "type": "string",
              "metadata": {
                "description": "The resource group the API policy was deployed into."
              },
              "value": "[resourceGroup().name]"
            }
          }
        }
      },
      "dependsOn": [
        "[resourceId('Microsoft.ApiManagement/service/apis', parameters('apiManagementServiceName'), parameters('name'))]"
      ]
    }
  ],
  "outputs": {
    "name": {
      "type": "string",
      "metadata": {
        "description": "The name of the API management service API."
      },
      "value": "[parameters('name')]"
    },
    "resourceId": {
      "type": "string",
      "metadata": {
        "description": "The resource ID of the API management service API."
      },
      "value": "[resourceId('Microsoft.ApiManagement/service/apis', parameters('apiManagementServiceName'), parameters('name'))]"
    },
    "resourceGroupName": {
      "type": "string",
      "metadata": {
        "description": "The resource group the API management service API was deployed to."
      },
      "value": "[resourceGroup().name]"
    }
  }
}