{
  "$schema": "https://schema.management.azure.com/schemas/2019-04-01/deploymentTemplate.json#",
  "languageVersion": "2.0",
  "contentVersion": "1.0.0.0",
  "metadata": {
    "_generator": {
      "name": "bicep",
      "version": "0.23.1.45101",
      "templateHash": "11737453267233569722"
    },
    "name": "Data Protection Backup Vaults",
    "description": "This module deploys a Data Protection Backup Vault.",
    "owner": "Azure/module-maintainers"
  },
  "definitions": {
    "managedIdentitiesType": {
      "type": "object",
      "properties": {
        "systemAssigned": {
          "type": "bool",
          "nullable": true,
          "metadata": {
            "description": "Optional. Enables system assigned managed identity on the resource."
          }
        }
      },
      "nullable": true
    },
    "lockType": {
      "type": "object",
      "properties": {
        "name": {
          "type": "string",
          "nullable": true,
          "metadata": {
            "description": "Optional. Specify the name of lock."
          }
        },
        "kind": {
          "type": "string",
          "allowedValues": [
            "CanNotDelete",
            "None",
            "ReadOnly"
          ],
          "nullable": true,
          "metadata": {
            "description": "Optional. Specify the type of lock."
          }
        }
      },
      "nullable": true
    },
    "roleAssignmentType": {
      "type": "array",
      "items": {
        "type": "object",
        "properties": {
          "roleDefinitionIdOrName": {
            "type": "string",
            "metadata": {
              "description": "Required. The role to assign. You can provide either the display name of the role definition, the role definition GUID, or its fully qualified ID in the following format: '/providers/Microsoft.Authorization/roleDefinitions/c2f4ef07-c644-48eb-af81-4b1b4947fb11'."
            }
          },
          "principalId": {
            "type": "string",
            "metadata": {
              "description": "Required. The principal ID of the principal (user/group/identity) to assign the role to."
            }
          },
          "principalType": {
            "type": "string",
            "allowedValues": [
              "Device",
              "ForeignGroup",
              "Group",
              "ServicePrincipal",
              "User"
            ],
            "nullable": true,
            "metadata": {
              "description": "Optional. The principal type of the assigned principal ID."
            }
          },
          "description": {
            "type": "string",
            "nullable": true,
            "metadata": {
              "description": "Optional. The description of the role assignment."
            }
          },
          "condition": {
            "type": "string",
            "nullable": true,
            "metadata": {
              "description": "Optional. The conditions on the role assignment. This limits the resources it can be assigned to. e.g.: @Resource[Microsoft.Storage/storageAccounts/blobServices/containers:ContainerName] StringEqualsIgnoreCase \"foo_storage_container\""
            }
          },
          "conditionVersion": {
            "type": "string",
            "allowedValues": [
              "2.0"
            ],
            "nullable": true,
            "metadata": {
              "description": "Optional. Version of the condition."
            }
          },
          "delegatedManagedIdentityResourceId": {
            "type": "string",
            "nullable": true,
            "metadata": {
              "description": "Optional. The Resource Id of the delegated managed identity resource."
            }
          }
        }
      },
      "nullable": true
    }
  },
  "parameters": {
    "name": {
      "type": "string",
      "metadata": {
        "description": "Required. Name of the Backup Vault."
      }
    },
    "enableDefaultTelemetry": {
      "type": "bool",
      "defaultValue": true,
      "metadata": {
        "description": "Optional. Enable telemetry via a Globally Unique Identifier (GUID)."
      }
    },
    "location": {
      "type": "string",
      "defaultValue": "[resourceGroup().location]",
      "metadata": {
        "description": "Optional. Location for all resources."
      }
    },
    "roleAssignments": {
      "$ref": "#/definitions/roleAssignmentType",
      "metadata": {
        "description": "Optional. Array of role assignments to create."
      }
    },
    "lock": {
      "$ref": "#/definitions/lockType",
      "metadata": {
        "description": "Optional. The lock settings of the service."
      }
    },
    "managedIdentities": {
      "$ref": "#/definitions/managedIdentitiesType",
      "metadata": {
        "description": "Optional. The managed identity definition for this resource."
      }
    },
    "tags": {
      "type": "object",
      "nullable": true,
      "metadata": {
        "description": "Optional. Tags of the Recovery Service Vault resource."
      }
    },
    "dataStoreType": {
      "type": "string",
      "defaultValue": "VaultStore",
      "allowedValues": [
        "ArchiveStore",
        "VaultStore",
        "OperationalStore"
      ],
      "metadata": {
        "description": "Optional. The datastore type to use. ArchiveStore does not support ZoneRedundancy."
      }
    },
    "type": {
      "type": "string",
      "defaultValue": "GeoRedundant",
      "allowedValues": [
        "LocallyRedundant",
        "GeoRedundant",
        "ZoneRedundant"
      ],
      "metadata": {
        "description": "Optional. The vault redundancy level to use."
      }
    },
    "azureMonitorAlertSettingsAlertsForAllJobFailures": {
      "type": "string",
      "defaultValue": "Enabled",
      "allowedValues": [
        "Disabled",
        "Enabled"
      ],
      "metadata": {
        "description": "Optional. Settings for Azure Monitor based alerts for job failures."
      }
    },
    "backupPolicies": {
      "type": "array",
      "defaultValue": [],
      "metadata": {
        "description": "Optional. List of all backup policies."
      }
    },
    "securitySettings": {
      "type": "object",
      "defaultValue": {},
      "metadata": {
        "description": "Optional. Security settings for the backup vault."
      }
    },
    "featureSettings": {
      "type": "object",
      "defaultValue": {},
      "metadata": {
        "description": "Optional. Feature settings for the backup vault."
      }
    }
  },
  "variables": {
    "identity": "[if(not(empty(parameters('managedIdentities'))), createObject('type', if(coalesce(tryGet(parameters('managedIdentities'), 'systemAssigned'), false()), 'SystemAssigned', null())), null())]",
    "enableReferencedModulesTelemetry": false,
    "builtInRoleNames": {
      "Backup Contributor": "[subscriptionResourceId('Microsoft.Authorization/roleDefinitions', '5e467623-bb1f-42f4-a55d-6e525e11384b')]",
      "Backup Operator": "[subscriptionResourceId('Microsoft.Authorization/roleDefinitions', '00c29273-979b-4161-815c-10b084fb9324')]",
      "Backup Reader": "[subscriptionResourceId('Microsoft.Authorization/roleDefinitions', 'a795c7a0-d4a2-40c1-ae25-d81f01202912')]",
      "Contributor": "[subscriptionResourceId('Microsoft.Authorization/roleDefinitions', 'b24988ac-6180-42a0-ab88-20f7382dd24c')]",
      "Owner": "[subscriptionResourceId('Microsoft.Authorization/roleDefinitions', '8e3af657-a8ff-443c-a75c-2fe8c4bcb635')]",
      "Reader": "[subscriptionResourceId('Microsoft.Authorization/roleDefinitions', 'acdd72a7-3385-48ef-bd42-f606fba81ae7')]",
      "Role Based Access Control Administrator (Preview)": "[subscriptionResourceId('Microsoft.Authorization/roleDefinitions', 'f58310d9-a9f6-439a-9e8d-f62e7b41a168')]",
      "User Access Administrator": "[subscriptionResourceId('Microsoft.Authorization/roleDefinitions', '18d7d88d-d35e-4fb5-a5c3-7773c20a72d9')]"
    }
  },
  "resources": {
    "defaultTelemetry": {
      "condition": "[parameters('enableDefaultTelemetry')]",
      "type": "Microsoft.Resources/deployments",
      "apiVersion": "2021-04-01",
      "name": "[format('pid-47ed15a6-730a-4827-bcb4-0fd963ffbd82-{0}', uniqueString(deployment().name, parameters('location')))]",
      "properties": {
        "mode": "Incremental",
        "template": {
          "$schema": "https://schema.management.azure.com/schemas/2019-04-01/deploymentTemplate.json#",
          "contentVersion": "1.0.0.0",
          "resources": []
        }
      }
    },
    "backupVault": {
      "type": "Microsoft.DataProtection/backupVaults",
      "apiVersion": "2023-05-01",
      "name": "[parameters('name')]",
      "location": "[parameters('location')]",
      "tags": "[parameters('tags')]",
      "identity": "[variables('identity')]",
      "properties": {
        "monitoringSettings": {
          "azureMonitorAlertSettings": {
            "alertsForAllJobFailures": "[parameters('azureMonitorAlertSettingsAlertsForAllJobFailures')]"
          }
        },
        "storageSettings": [
          {
            "type": "[parameters('type')]",
            "datastoreType": "[parameters('dataStoreType')]"
          }
        ],
        "featureSettings": "[parameters('featureSettings')]",
        "securitySettings": "[parameters('securitySettings')]"
      }
    },
    "backupVault_lock": {
      "condition": "[and(not(empty(coalesce(parameters('lock'), createObject()))), not(equals(tryGet(parameters('lock'), 'kind'), 'None')))]",
      "type": "Microsoft.Authorization/locks",
      "apiVersion": "2020-05-01",
      "scope": "[format('Microsoft.DataProtection/backupVaults/{0}', parameters('name'))]",
      "name": "[coalesce(tryGet(parameters('lock'), 'name'), format('lock-{0}', parameters('name')))]",
      "properties": {
        "level": "[coalesce(tryGet(parameters('lock'), 'kind'), '')]",
        "notes": "[if(equals(tryGet(parameters('lock'), 'kind'), 'CanNotDelete'), 'Cannot delete resource or child resources.', 'Cannot delete or modify the resource or child resources.')]"
      },
      "dependsOn": [
        "backupVault"
      ]
    },
    "backupVault_roleAssignments": {
      "copy": {
        "name": "backupVault_roleAssignments",
        "count": "[length(coalesce(parameters('roleAssignments'), createArray()))]"
      },
      "type": "Microsoft.Authorization/roleAssignments",
      "apiVersion": "2022-04-01",
      "scope": "[format('Microsoft.DataProtection/backupVaults/{0}', parameters('name'))]",
      "name": "[guid(resourceId('Microsoft.DataProtection/backupVaults', parameters('name')), coalesce(parameters('roleAssignments'), createArray())[copyIndex()].principalId, coalesce(parameters('roleAssignments'), createArray())[copyIndex()].roleDefinitionIdOrName)]",
      "properties": {
        "roleDefinitionId": "[if(contains(variables('builtInRoleNames'), coalesce(parameters('roleAssignments'), createArray())[copyIndex()].roleDefinitionIdOrName), variables('builtInRoleNames')[coalesce(parameters('roleAssignments'), createArray())[copyIndex()].roleDefinitionIdOrName], if(contains(coalesce(parameters('roleAssignments'), createArray())[copyIndex()].roleDefinitionIdOrName, '/providers/Microsoft.Authorization/roleDefinitions/'), coalesce(parameters('roleAssignments'), createArray())[copyIndex()].roleDefinitionIdOrName, subscriptionResourceId('Microsoft.Authorization/roleDefinitions', coalesce(parameters('roleAssignments'), createArray())[copyIndex()].roleDefinitionIdOrName)))]",
        "principalId": "[coalesce(parameters('roleAssignments'), createArray())[copyIndex()].principalId]",
        "description": "[tryGet(coalesce(parameters('roleAssignments'), createArray())[copyIndex()], 'description')]",
        "principalType": "[tryGet(coalesce(parameters('roleAssignments'), createArray())[copyIndex()], 'principalType')]",
        "condition": "[tryGet(coalesce(parameters('roleAssignments'), createArray())[copyIndex()], 'condition')]",
        "conditionVersion": "[if(not(empty(tryGet(coalesce(parameters('roleAssignments'), createArray())[copyIndex()], 'condition'))), coalesce(tryGet(coalesce(parameters('roleAssignments'), createArray())[copyIndex()], 'conditionVersion'), '2.0'), null())]",
        "delegatedManagedIdentityResourceId": "[tryGet(coalesce(parameters('roleAssignments'), createArray())[copyIndex()], 'delegatedManagedIdentityResourceId')]"
      },
      "dependsOn": [
        "backupVault"
      ]
    },
    "backupVault_backupPolicies": {
      "copy": {
        "name": "backupVault_backupPolicies",
        "count": "[length(parameters('backupPolicies'))]"
      },
      "type": "Microsoft.Resources/deployments",
      "apiVersion": "2022-09-01",
      "name": "[format('{0}-BV-BackupPolicy-{1}', uniqueString(deployment().name, parameters('location')), copyIndex())]",
      "properties": {
        "expressionEvaluationOptions": {
          "scope": "inner"
        },
        "mode": "Incremental",
        "parameters": {
          "backupVaultName": {
            "value": "[parameters('name')]"
          },
          "name": {
            "value": "[parameters('backupPolicies')[copyIndex()].name]"
          },
          "properties": {
            "value": "[parameters('backupPolicies')[copyIndex()].properties]"
          },
          "enableDefaultTelemetry": {
            "value": "[variables('enableReferencedModulesTelemetry')]"
          }
        },
        "template": {
          "$schema": "https://schema.management.azure.com/schemas/2019-04-01/deploymentTemplate.json#",
          "contentVersion": "1.0.0.0",
          "metadata": {
            "_generator": {
              "name": "bicep",
              "version": "0.23.1.45101",
              "templateHash": "3378438498887899064"
            },
            "name": "Data Protection Backup Vault Backup Policies",
            "description": "This module deploys a Data Protection Backup Vault Backup Policy.",
            "owner": "Azure/module-maintainers"
          },
          "parameters": {
            "backupVaultName": {
              "type": "string",
              "metadata": {
                "description": "Required. The name of the backup vault."
              }
            },
            "name": {
              "type": "string",
              "defaultValue": "DefaultPolicy",
              "metadata": {
                "description": "Optional. The name of the backup policy."
              }
            },
            "properties": {
              "type": "object",
              "defaultValue": {},
              "metadata": {
                "description": "Optional. The properties of the backup policy."
              }
            },
            "enableDefaultTelemetry": {
              "type": "bool",
              "defaultValue": true,
              "metadata": {
                "description": "Optional. Enable telemetry via a Globally Unique Identifier (GUID)."
              }
            }
          },
          "resources": [
            {
              "condition": "[parameters('enableDefaultTelemetry')]",
              "type": "Microsoft.Resources/deployments",
              "apiVersion": "2021-04-01",
              "name": "[format('pid-47ed15a6-730a-4827-bcb4-0fd963ffbd82-{0}', uniqueString(deployment().name))]",
              "properties": {
                "mode": "Incremental",
                "template": {
                  "$schema": "https://schema.management.azure.com/schemas/2019-04-01/deploymentTemplate.json#",
                  "contentVersion": "1.0.0.0",
                  "resources": []
                }
              }
            },
            {
              "type": "Microsoft.DataProtection/backupVaults/backupPolicies",
              "apiVersion": "2023-05-01",
              "name": "[format('{0}/{1}', parameters('backupVaultName'), parameters('name'))]",
              "properties": "[parameters('properties')]"
            }
          ],
          "outputs": {
            "name": {
              "type": "string",
              "metadata": {
                "description": "The name of the backup policy."
              },
              "value": "[parameters('name')]"
            },
            "resourceId": {
              "type": "string",
              "metadata": {
                "description": "The resource ID of the backup policy."
              },
              "value": "[resourceId('Microsoft.DataProtection/backupVaults/backupPolicies', parameters('backupVaultName'), parameters('name'))]"
            },
            "resourceGroupName": {
              "type": "string",
              "metadata": {
                "description": "The name of the resource group the backup policy was created in."
              },
              "value": "[resourceGroup().name]"
            }
          }
        }
      },
      "dependsOn": [
        "backupVault"
      ]
    }
  },
  "outputs": {
    "resourceId": {
      "type": "string",
      "metadata": {
        "description": "The resource ID of the backup vault."
      },
      "value": "[resourceId('Microsoft.DataProtection/backupVaults', parameters('name'))]"
    },
    "resourceGroupName": {
      "type": "string",
      "metadata": {
        "description": "The name of the resource group the recovery services vault was created in."
      },
      "value": "[resourceGroup().name]"
    },
    "name": {
      "type": "string",
      "metadata": {
        "description": "The Name of the backup vault."
      },
      "value": "[parameters('name')]"
    },
    "systemAssignedMIPrincipalId": {
      "type": "string",
      "metadata": {
        "description": "The principal ID of the system assigned identity."
      },
      "value": "[if(and(coalesce(tryGet(parameters('managedIdentities'), 'systemAssigned'), false()), contains(reference('backupVault', '2023-05-01', 'full').identity, 'principalId')), reference('backupVault', '2023-05-01', 'full').identity.principalId, '')]"
    },
    "location": {
      "type": "string",
      "metadata": {
        "description": "The location the resource was deployed into."
      },
      "value": "[reference('backupVault', '2023-05-01', 'full').location]"
    }
  }
}