{
  "$schema": "https://schema.management.azure.com/schemas/2019-04-01/deploymentTemplate.json#",
  "contentVersion": "1.0.0.0",
  "metadata": {
    "_generator": {
      "name": "bicep",
      "version": "0.23.1.45101",
      "templateHash": "6951739479886220769"
    },
    "name": "Data Factory Managed Virtual Network Managed PrivateEndpoints",
    "description": "This module deploys a Data Factory Managed Virtual Network Managed Private Endpoint.",
    "owner": "Azure/module-maintainers"
  },
  "parameters": {
    "dataFactoryName": {
      "type": "string",
      "metadata": {
        "description": "Conditional. The name of the parent data factory. Required if the template is used in a standalone deployment."
      }
    },
    "managedVirtualNetworkName": {
      "type": "string",
      "metadata": {
        "description": "Required. The name of the parent managed virtual network."
      }
    },
    "name": {
      "type": "string",
      "metadata": {
        "description": "Required. The managed private endpoint resource name."
      }
    },
    "groupId": {
      "type": "string",
      "metadata": {
        "description": "Required. The groupId to which the managed private endpoint is created."
      }
    },
    "fqdns": {
      "type": "array",
      "metadata": {
        "description": "Required. Fully qualified domain names."
      }
    },
    "privateLinkResourceId": {
      "type": "string",
      "metadata": {
        "description": "Required. The ARM resource ID of the resource to which the managed private endpoint is created."
      }
    },
    "enableDefaultTelemetry": {
      "type": "bool",
      "defaultValue": true,
      "metadata": {
        "description": "Optional. Enable telemetry via a Globally Unique Identifier (GUID)."
      }
    }
  },
  "resources": [
    {
      "condition": "[parameters('enableDefaultTelemetry')]",
      "type": "Microsoft.Resources/deployments",
      "apiVersion": "2021-04-01",
      "name": "[format('pid-47ed15a6-730a-4827-bcb4-0fd963ffbd82-{0}', uniqueString(deployment().name))]",
      "properties": {
        "mode": "Incremental",
        "template": {
          "$schema": "https://schema.management.azure.com/schemas/2019-04-01/deploymentTemplate.json#",
          "contentVersion": "1.0.0.0",
          "resources": []
        }
      }
    },
    {
      "type": "Microsoft.DataFactory/factories/managedVirtualNetworks/managedPrivateEndpoints",
      "apiVersion": "2018-06-01",
      "name": "[format('{0}/{1}/{2}', parameters('dataFactoryName'), parameters('managedVirtualNetworkName'), parameters('name'))]",
      "properties": {
        "fqdns": "[parameters('fqdns')]",
        "groupId": "[parameters('groupId')]",
        "privateLinkResourceId": "[parameters('privateLinkResourceId')]"
      }
    }
  ],
  "outputs": {
    "name": {
      "type": "string",
      "metadata": {
        "description": "The name of the deployed managed private endpoint."
      },
      "value": "[parameters('name')]"
    },
    "resourceId": {
      "type": "string",
      "metadata": {
        "description": "The resource ID of the deployed managed private endpoint."
      },
      "value": "[resourceId('Microsoft.DataFactory/factories/managedVirtualNetworks/managedPrivateEndpoints', parameters('dataFactoryName'), parameters('managedVirtualNetworkName'), parameters('name'))]"
    },
    "resourceGroupName": {
      "type": "string",
      "metadata": {
        "description": "The resource group of the deployed managed private endpoint."
      },
      "value": "[resourceGroup().name]"
    }
  }
}