{
  "$schema": "https://schema.management.azure.com/schemas/2019-08-01/managementGroupDeploymentTemplate.json#",
  "contentVersion": "1.0.0.0",
  "metadata": {
    "_generator": {
      "name": "bicep",
      "version": "0.23.1.45101",
      "templateHash": "7850011262143738057"
    },
    "name": "Policy Assignments (Management Group scope)",
    "description": "This module deploys a Policy Assignment at a Management Group scope.",
    "owner": "Azure/module-maintainers"
  },
  "parameters": {
    "name": {
      "type": "string",
      "maxLength": 24,
      "metadata": {
        "description": "Required. Specifies the name of the policy assignment. Maximum length is 24 characters for management group scope."
      }
    },
    "description": {
      "type": "string",
      "defaultValue": "",
      "metadata": {
        "description": "Optional. This message will be part of response in case of policy violation."
      }
    },
    "displayName": {
      "type": "string",
      "defaultValue": "",
      "maxLength": 128,
      "metadata": {
        "description": "Optional. The display name of the policy assignment. Maximum length is 128 characters."
      }
    },
    "policyDefinitionId": {
      "type": "string",
      "metadata": {
        "description": "Required. Specifies the ID of the policy definition or policy set definition being assigned."
      }
    },
    "parameters": {
      "type": "object",
      "defaultValue": {},
      "metadata": {
        "description": "Optional. Parameters for the policy assignment if needed."
      }
    },
    "identity": {
      "type": "string",
      "defaultValue": "SystemAssigned",
      "allowedValues": [
        "SystemAssigned",
        "UserAssigned",
        "None"
      ],
      "metadata": {
        "description": "Optional. The managed identity associated with the policy assignment. Policy assignments must include a resource identity when assigning 'Modify' policy definitions."
      }
    },
    "userAssignedIdentityId": {
      "type": "string",
      "defaultValue": "",
      "metadata": {
        "description": "Optional. The Resource ID for the user assigned identity to assign to the policy assignment."
      }
    },
    "roleDefinitionIds": {
      "type": "array",
      "defaultValue": [],
      "metadata": {
        "description": "Optional. The IDs Of the Azure Role Definition list that is used to assign permissions to the identity. You need to provide either the fully qualified ID in the following format: '/providers/Microsoft.Authorization/roleDefinitions/c2f4ef07-c644-48eb-af81-4b1b4947fb11'.. See https://learn.microsoft.com/en-us/azure/role-based-access-control/built-in-roles for the list IDs for built-in Roles. They must match on what is on the policy definition."
      }
    },
    "metadata": {
      "type": "object",
      "defaultValue": {},
      "metadata": {
        "description": "Optional. The policy assignment metadata. Metadata is an open ended object and is typically a collection of key-value pairs."
      }
    },
    "nonComplianceMessages": {
      "type": "array",
      "defaultValue": [],
      "metadata": {
        "description": "Optional. The messages that describe why a resource is non-compliant with the policy."
      }
    },
    "enforcementMode": {
      "type": "string",
      "defaultValue": "Default",
      "allowedValues": [
        "Default",
        "DoNotEnforce"
      ],
      "metadata": {
        "description": "Optional. The policy assignment enforcement mode. Possible values are Default and DoNotEnforce. - Default or DoNotEnforce."
      }
    },
    "managementGroupId": {
      "type": "string",
      "defaultValue": "[managementGroup().name]",
      "metadata": {
        "description": "Optional. The Target Scope for the Policy. The name of the management group for the policy assignment. If not provided, will use the current scope for deployment."
      }
    },
    "notScopes": {
      "type": "array",
      "defaultValue": [],
      "metadata": {
        "description": "Optional. The policy excluded scopes."
      }
    },
    "location": {
      "type": "string",
      "defaultValue": "[deployment().location]",
      "metadata": {
        "description": "Optional. Location for all resources."
      }
    },
    "overrides": {
      "type": "array",
      "defaultValue": [],
      "metadata": {
        "description": "Optional. The policy property value override. Allows changing the effect of a policy definition without modifying the underlying policy definition or using a parameterized effect in the policy definition."
      }
    },
    "resourceSelectors": {
      "type": "array",
      "defaultValue": [],
      "metadata": {
        "description": "Optional. The resource selector list to filter policies by resource properties. Facilitates safe deployment practices (SDP) by enabling gradual roll out policy assignments based on factors like resource location, resource type, or whether a resource has a location."
      }
    },
    "enableDefaultTelemetry": {
      "type": "bool",
      "defaultValue": true,
      "metadata": {
        "description": "Optional. Enable telemetry via a Globally Unique Identifier (GUID)."
      }
    }
  },
  "variables": {
    "identityVar": "[if(equals(parameters('identity'), 'SystemAssigned'), createObject('type', parameters('identity')), if(equals(parameters('identity'), 'UserAssigned'), createObject('type', parameters('identity'), 'userAssignedIdentities', createObject(format('{0}', parameters('userAssignedIdentityId')), createObject())), null()))]"
  },
  "resources": [
    {
      "condition": "[parameters('enableDefaultTelemetry')]",
      "type": "Microsoft.Resources/deployments",
      "apiVersion": "2021-04-01",
      "name": "[format('pid-47ed15a6-730a-4827-bcb4-0fd963ffbd82-{0}', uniqueString(deployment().name, parameters('location')))]",
      "location": "[parameters('location')]",
      "properties": {
        "mode": "Incremental",
        "template": {
          "$schema": "https://schema.management.azure.com/schemas/2019-04-01/deploymentTemplate.json#",
          "contentVersion": "1.0.0.0",
          "resources": []
        }
      }
    },
    {
      "type": "Microsoft.Authorization/policyAssignments",
      "apiVersion": "2022-06-01",
      "name": "[parameters('name')]",
      "location": "[parameters('location')]",
      "properties": {
        "displayName": "[if(not(empty(parameters('displayName'))), parameters('displayName'), null())]",
        "metadata": "[if(not(empty(parameters('metadata'))), parameters('metadata'), null())]",
        "description": "[if(not(empty(parameters('description'))), parameters('description'), null())]",
        "policyDefinitionId": "[parameters('policyDefinitionId')]",
        "parameters": "[parameters('parameters')]",
        "nonComplianceMessages": "[if(not(empty(parameters('nonComplianceMessages'))), parameters('nonComplianceMessages'), createArray())]",
        "enforcementMode": "[parameters('enforcementMode')]",
        "notScopes": "[if(not(empty(parameters('notScopes'))), parameters('notScopes'), createArray())]",
        "overrides": "[if(not(empty(parameters('overrides'))), parameters('overrides'), createArray())]",
        "resourceSelectors": "[if(not(empty(parameters('resourceSelectors'))), parameters('resourceSelectors'), createArray())]"
      },
      "identity": "[variables('identityVar')]"
    },
    {
      "copy": {
        "name": "roleAssignment",
        "count": "[length(parameters('roleDefinitionIds'))]"
      },
      "condition": "[and(not(empty(parameters('roleDefinitionIds'))), equals(parameters('identity'), 'SystemAssigned'))]",
      "type": "Microsoft.Authorization/roleAssignments",
      "apiVersion": "2022-04-01",
      "name": "[guid(parameters('managementGroupId'), parameters('roleDefinitionIds')[copyIndex()], parameters('location'), parameters('name'))]",
      "properties": {
        "roleDefinitionId": "[parameters('roleDefinitionIds')[copyIndex()]]",
        "principalId": "[reference(extensionResourceId(managementGroup().id, 'Microsoft.Authorization/policyAssignments', parameters('name')), '2022-06-01', 'full').identity.principalId]",
        "principalType": "ServicePrincipal"
      },
      "dependsOn": [
        "[extensionResourceId(managementGroup().id, 'Microsoft.Authorization/policyAssignments', parameters('name'))]"
      ]
    }
  ],
  "outputs": {
    "name": {
      "type": "string",
      "metadata": {
        "description": "Policy Assignment Name."
      },
      "value": "[parameters('name')]"
    },
    "principalId": {
      "type": "string",
      "metadata": {
        "description": "Policy Assignment principal ID."
      },
      "value": "[if(equals(parameters('identity'), 'SystemAssigned'), reference(extensionResourceId(managementGroup().id, 'Microsoft.Authorization/policyAssignments', parameters('name')), '2022-06-01', 'full').identity.principalId, '')]"
    },
    "resourceId": {
      "type": "string",
      "metadata": {
        "description": "Policy Assignment resource ID."
      },
      "value": "[extensionResourceId(managementGroup().id, 'Microsoft.Authorization/policyAssignments', parameters('name'))]"
    },
    "location": {
      "type": "string",
      "metadata": {
        "description": "The location the resource was deployed into."
      },
      "value": "[reference(extensionResourceId(managementGroup().id, 'Microsoft.Authorization/policyAssignments', parameters('name')), '2022-06-01', 'full').location]"
    }
  }
}