{
  "$schema": "https://schema.management.azure.com/schemas/2019-04-01/deploymentTemplate.json#",
  "contentVersion": "1.0.0.0",
  "metadata": {
    "_generator": {
      "name": "bicep",
      "version": "0.23.1.45101",
      "templateHash": "7086724603457879213"
    },
    "name": "Data Factory Managed Virtual Networks",
    "description": "This module deploys a Data Factory Managed Virtual Network.",
    "owner": "Azure/module-maintainers"
  },
  "parameters": {
    "dataFactoryName": {
      "type": "string",
      "metadata": {
        "description": "Conditional. The name of the parent Azure Data Factory. Required if the template is used in a standalone deployment."
      }
    },
    "name": {
      "type": "string",
      "metadata": {
        "description": "Required. The name of the Managed Virtual Network."
      }
    },
    "managedPrivateEndpoints": {
      "type": "array",
      "defaultValue": [],
      "metadata": {
        "description": "Optional. An array of managed private endpoints objects created in the Data Factory managed virtual network."
      }
    },
    "enableDefaultTelemetry": {
      "type": "bool",
      "defaultValue": true,
      "metadata": {
        "description": "Optional. Enable telemetry via a Globally Unique Identifier (GUID)."
      }
    }
  },
  "variables": {
    "enableReferencedModulesTelemetry": false
  },
  "resources": [
    {
      "condition": "[parameters('enableDefaultTelemetry')]",
      "type": "Microsoft.Resources/deployments",
      "apiVersion": "2021-04-01",
      "name": "[format('pid-47ed15a6-730a-4827-bcb4-0fd963ffbd82-{0}', uniqueString(deployment().name))]",
      "properties": {
        "mode": "Incremental",
        "template": {
          "$schema": "https://schema.management.azure.com/schemas/2019-04-01/deploymentTemplate.json#",
          "contentVersion": "1.0.0.0",
          "resources": []
        }
      }
    },
    {
      "type": "Microsoft.DataFactory/factories/managedVirtualNetworks",
      "apiVersion": "2018-06-01",
      "name": "[format('{0}/{1}', parameters('dataFactoryName'), parameters('name'))]",
      "properties": {}
    },
    {
      "copy": {
        "name": "managedVirtualNetwork_managedPrivateEndpoint",
        "count": "[length(parameters('managedPrivateEndpoints'))]"
      },
      "type": "Microsoft.Resources/deployments",
      "apiVersion": "2022-09-01",
      "name": "[format('{0}-managedPrivateEndpoint-{1}', deployment().name, copyIndex())]",
      "properties": {
        "expressionEvaluationOptions": {
          "scope": "inner"
        },
        "mode": "Incremental",
        "parameters": {
          "dataFactoryName": {
            "value": "[parameters('dataFactoryName')]"
          },
          "managedVirtualNetworkName": {
            "value": "[parameters('name')]"
          },
          "name": {
            "value": "[parameters('managedPrivateEndpoints')[copyIndex()].name]"
          },
          "fqdns": {
            "value": "[parameters('managedPrivateEndpoints')[copyIndex()].fqdns]"
          },
          "groupId": {
            "value": "[parameters('managedPrivateEndpoints')[copyIndex()].groupId]"
          },
          "privateLinkResourceId": {
            "value": "[parameters('managedPrivateEndpoints')[copyIndex()].privateLinkResourceId]"
          },
          "enableDefaultTelemetry": {
            "value": "[variables('enableReferencedModulesTelemetry')]"
          }
        },
        "template": {
          "$schema": "https://schema.management.azure.com/schemas/2019-04-01/deploymentTemplate.json#",
          "contentVersion": "1.0.0.0",
          "metadata": {
            "_generator": {
              "name": "bicep",
              "version": "0.23.1.45101",
              "templateHash": "6951739479886220769"
            },
            "name": "Data Factory Managed Virtual Network Managed PrivateEndpoints",
            "description": "This module deploys a Data Factory Managed Virtual Network Managed Private Endpoint.",
            "owner": "Azure/module-maintainers"
          },
          "parameters": {
            "dataFactoryName": {
              "type": "string",
              "metadata": {
                "description": "Conditional. The name of the parent data factory. Required if the template is used in a standalone deployment."
              }
            },
            "managedVirtualNetworkName": {
              "type": "string",
              "metadata": {
                "description": "Required. The name of the parent managed virtual network."
              }
            },
            "name": {
              "type": "string",
              "metadata": {
                "description": "Required. The managed private endpoint resource name."
              }
            },
            "groupId": {
              "type": "string",
              "metadata": {
                "description": "Required. The groupId to which the managed private endpoint is created."
              }
            },
            "fqdns": {
              "type": "array",
              "metadata": {
                "description": "Required. Fully qualified domain names."
              }
            },
            "privateLinkResourceId": {
              "type": "string",
              "metadata": {
                "description": "Required. The ARM resource ID of the resource to which the managed private endpoint is created."
              }
            },
            "enableDefaultTelemetry": {
              "type": "bool",
              "defaultValue": true,
              "metadata": {
                "description": "Optional. Enable telemetry via a Globally Unique Identifier (GUID)."
              }
            }
          },
          "resources": [
            {
              "condition": "[parameters('enableDefaultTelemetry')]",
              "type": "Microsoft.Resources/deployments",
              "apiVersion": "2021-04-01",
              "name": "[format('pid-47ed15a6-730a-4827-bcb4-0fd963ffbd82-{0}', uniqueString(deployment().name))]",
              "properties": {
                "mode": "Incremental",
                "template": {
                  "$schema": "https://schema.management.azure.com/schemas/2019-04-01/deploymentTemplate.json#",
                  "contentVersion": "1.0.0.0",
                  "resources": []
                }
              }
            },
            {
              "type": "Microsoft.DataFactory/factories/managedVirtualNetworks/managedPrivateEndpoints",
              "apiVersion": "2018-06-01",
              "name": "[format('{0}/{1}/{2}', parameters('dataFactoryName'), parameters('managedVirtualNetworkName'), parameters('name'))]",
              "properties": {
                "fqdns": "[parameters('fqdns')]",
                "groupId": "[parameters('groupId')]",
                "privateLinkResourceId": "[parameters('privateLinkResourceId')]"
              }
            }
          ],
          "outputs": {
            "name": {
              "type": "string",
              "metadata": {
                "description": "The name of the deployed managed private endpoint."
              },
              "value": "[parameters('name')]"
            },
            "resourceId": {
              "type": "string",
              "metadata": {
                "description": "The resource ID of the deployed managed private endpoint."
              },
              "value": "[resourceId('Microsoft.DataFactory/factories/managedVirtualNetworks/managedPrivateEndpoints', parameters('dataFactoryName'), parameters('managedVirtualNetworkName'), parameters('name'))]"
            },
            "resourceGroupName": {
              "type": "string",
              "metadata": {
                "description": "The resource group of the deployed managed private endpoint."
              },
              "value": "[resourceGroup().name]"
            }
          }
        }
      }
    }
  ],
  "outputs": {
    "resourceGroupName": {
      "type": "string",
      "metadata": {
        "description": "The name of the Resource Group the Managed Virtual Network was created in."
      },
      "value": "[resourceGroup().name]"
    },
    "name": {
      "type": "string",
      "metadata": {
        "description": "The name of the Managed Virtual Network."
      },
      "value": "[parameters('name')]"
    },
    "resourceId": {
      "type": "string",
      "metadata": {
        "description": "The resource ID of the Managed Virtual Network."
      },
      "value": "[resourceId('Microsoft.DataFactory/factories/managedVirtualNetworks', parameters('dataFactoryName'), parameters('name'))]"
    }
  }
}