{
  "$schema": "https://schema.management.azure.com/schemas/2019-04-01/deploymentTemplate.json#",
  "contentVersion": "1.0.0.0",
  "metadata": {
    "_generator": {
      "name": "bicep",
      "version": "0.23.1.45101",
      "templateHash": "16586961527396343119"
    },
    "name": "API Management Service Policies",
    "description": "This module deploys an API Management Service Policy.",
    "owner": "Azure/module-maintainers"
  },
  "parameters": {
    "apiManagementServiceName": {
      "type": "string",
      "metadata": {
        "description": "Conditional. The name of the parent API Management service. Required if the template is used in a standalone deployment."
      }
    },
    "name": {
      "type": "string",
      "defaultValue": "policy",
      "metadata": {
        "description": "Optional. The name of the policy."
      }
    },
    "enableDefaultTelemetry": {
      "type": "bool",
      "defaultValue": true,
      "metadata": {
        "description": "Optional. Enable telemetry via a Globally Unique Identifier (GUID)."
      }
    },
    "format": {
      "type": "string",
      "defaultValue": "xml",
      "allowedValues": [
        "rawxml",
        "rawxml-link",
        "xml",
        "xml-link"
      ],
      "metadata": {
        "description": "Optional. Format of the policyContent."
      }
    },
    "value": {
      "type": "string",
      "metadata": {
        "description": "Required. Contents of the Policy as defined by the format."
      }
    }
  },
  "resources": [
    {
      "condition": "[parameters('enableDefaultTelemetry')]",
      "type": "Microsoft.Resources/deployments",
      "apiVersion": "2021-04-01",
      "name": "[format('pid-47ed15a6-730a-4827-bcb4-0fd963ffbd82-{0}', uniqueString(deployment().name))]",
      "properties": {
        "mode": "Incremental",
        "template": {
          "$schema": "https://schema.management.azure.com/schemas/2019-04-01/deploymentTemplate.json#",
          "contentVersion": "1.0.0.0",
          "resources": []
        }
      }
    },
    {
      "type": "Microsoft.ApiManagement/service/policies",
      "apiVersion": "2021-08-01",
      "name": "[format('{0}/{1}', parameters('apiManagementServiceName'), parameters('name'))]",
      "properties": {
        "format": "[parameters('format')]",
        "value": "[parameters('value')]"
      }
    }
  ],
  "outputs": {
    "resourceId": {
      "type": "string",
      "metadata": {
        "description": "The resource ID of the API management service policy."
      },
      "value": "[resourceId('Microsoft.ApiManagement/service/policies', parameters('apiManagementServiceName'), parameters('name'))]"
    },
    "name": {
      "type": "string",
      "metadata": {
        "description": "The name of the API management service policy."
      },
      "value": "[parameters('name')]"
    },
    "resourceGroupName": {
      "type": "string",
      "metadata": {
        "description": "The resource group the API management service policy was deployed into."
      },
      "value": "[resourceGroup().name]"
    }
  }
}