{
  "$schema": "https://schema.management.azure.com/schemas/2019-04-01/deploymentTemplate.json#",
  "contentVersion": "1.0.0.0",
  "metadata": {
    "_generator": {
      "name": "bicep",
      "version": "0.23.1.45101",
      "templateHash": "4935957739850887741"
    },
    "name": "Event Hub Namespace Event Hub Authorization Rules",
    "description": "This module deploys an Event Hub Namespace Event Hub Authorization Rule.",
    "owner": "Azure/module-maintainers"
  },
  "parameters": {
    "namespaceName": {
      "type": "string",
      "metadata": {
        "description": "Conditional. The name of the parent event hub namespace. Required if the template is used in a standalone deployment."
      }
    },
    "eventHubName": {
      "type": "string",
      "metadata": {
        "description": "Conditional. The name of the parent event hub namespace event hub. Required if the template is used in a standalone deployment."
      }
    },
    "name": {
      "type": "string",
      "metadata": {
        "description": "Required. The name of the authorization rule."
      }
    },
    "rights": {
      "type": "array",
      "defaultValue": [],
      "allowedValues": [
        "Listen",
        "Manage",
        "Send"
      ],
      "metadata": {
        "description": "Optional. The rights associated with the rule."
      }
    },
    "enableDefaultTelemetry": {
      "type": "bool",
      "defaultValue": true,
      "metadata": {
        "description": "Optional. Enable telemetry via a Globally Unique Identifier (GUID)."
      }
    }
  },
  "resources": [
    {
      "condition": "[parameters('enableDefaultTelemetry')]",
      "type": "Microsoft.Resources/deployments",
      "apiVersion": "2021-04-01",
      "name": "[format('pid-47ed15a6-730a-4827-bcb4-0fd963ffbd82-{0}', uniqueString(deployment().name))]",
      "properties": {
        "mode": "Incremental",
        "template": {
          "$schema": "https://schema.management.azure.com/schemas/2019-04-01/deploymentTemplate.json#",
          "contentVersion": "1.0.0.0",
          "resources": []
        }
      }
    },
    {
      "type": "Microsoft.EventHub/namespaces/eventhubs/authorizationRules",
      "apiVersion": "2022-10-01-preview",
      "name": "[format('{0}/{1}/{2}', parameters('namespaceName'), parameters('eventHubName'), parameters('name'))]",
      "properties": {
        "rights": "[parameters('rights')]"
      }
    }
  ],
  "outputs": {
    "name": {
      "type": "string",
      "metadata": {
        "description": "The name of the authorization rule."
      },
      "value": "[parameters('name')]"
    },
    "resourceId": {
      "type": "string",
      "metadata": {
        "description": "The resource ID of the authorization rule."
      },
      "value": "[resourceId('Microsoft.EventHub/namespaces/eventhubs/authorizationRules', parameters('namespaceName'), parameters('eventHubName'), parameters('name'))]"
    },
    "resourceGroupName": {
      "type": "string",
      "metadata": {
        "description": "The name of the resource group the authorization rule was created in."
      },
      "value": "[resourceGroup().name]"
    }
  }
}