{
  "$schema": "https://schema.management.azure.com/schemas/2019-04-01/deploymentTemplate.json#",
  "contentVersion": "1.0.0.0",
  "metadata": {
    "_generator": {
      "name": "bicep",
      "version": "0.23.1.45101",
      "templateHash": "12676245745541867340"
    },
    "name": "API Management Service Portal Settings",
    "description": "This module deploys an API Management Service Portal Setting.",
    "owner": "Azure/module-maintainers"
  },
  "parameters": {
    "apiManagementServiceName": {
      "type": "string",
      "metadata": {
        "description": "Conditional. The name of the parent API Management service. Required if the template is used in a standalone deployment."
      }
    },
    "enableDefaultTelemetry": {
      "type": "bool",
      "defaultValue": true,
      "metadata": {
        "description": "Optional. Enable telemetry via a Globally Unique Identifier (GUID)."
      }
    },
    "name": {
      "type": "string",
      "allowedValues": [
        "delegation",
        "signin",
        "signup"
      ],
      "metadata": {
        "description": "Required. Portal setting name."
      }
    },
    "properties": {
      "type": "object",
      "defaultValue": {},
      "metadata": {
        "description": "Optional. Portal setting properties."
      }
    }
  },
  "resources": [
    {
      "condition": "[parameters('enableDefaultTelemetry')]",
      "type": "Microsoft.Resources/deployments",
      "apiVersion": "2021-04-01",
      "name": "[format('pid-47ed15a6-730a-4827-bcb4-0fd963ffbd82-{0}', uniqueString(deployment().name))]",
      "properties": {
        "mode": "Incremental",
        "template": {
          "$schema": "https://schema.management.azure.com/schemas/2019-04-01/deploymentTemplate.json#",
          "contentVersion": "1.0.0.0",
          "resources": []
        }
      }
    },
    {
      "condition": "[not(empty(parameters('properties')))]",
      "type": "Microsoft.ApiManagement/service/portalsettings",
      "apiVersion": "2021-08-01",
      "name": "[format('{0}/{1}', parameters('apiManagementServiceName'), parameters('name'))]",
      "properties": "[parameters('properties')]"
    }
  ],
  "outputs": {
    "resourceId": {
      "type": "string",
      "metadata": {
        "description": "The resource ID of the API management service portal setting."
      },
      "value": "[resourceId('Microsoft.ApiManagement/service/portalsettings', parameters('apiManagementServiceName'), parameters('name'))]"
    },
    "name": {
      "type": "string",
      "metadata": {
        "description": "The name of the API management service portal setting."
      },
      "value": "[parameters('name')]"
    },
    "resourceGroupName": {
      "type": "string",
      "metadata": {
        "description": "The resource group the API management service portal setting was deployed into."
      },
      "value": "[resourceGroup().name]"
    }
  }
}