{
  "$schema": "https://schema.management.azure.com/schemas/2019-04-01/deploymentTemplate.json#",
  "languageVersion": "2.0",
  "contentVersion": "1.0.0.0",
  "metadata": {
    "_generator": {
      "name": "bicep",
      "version": "0.23.1.45101",
      "templateHash": "6452494198386670014"
    },
    "name": "App ManagedEnvironments",
    "description": "This module deploys an App Managed Environment (also known as a Container App Environment).",
    "owner": "Azure/module-maintainers"
  },
  "definitions": {
    "lockType": {
      "type": "object",
      "properties": {
        "name": {
          "type": "string",
          "nullable": true,
          "metadata": {
            "description": "Optional. Specify the name of lock."
          }
        },
        "kind": {
          "type": "string",
          "allowedValues": [
            "CanNotDelete",
            "None",
            "ReadOnly"
          ],
          "nullable": true,
          "metadata": {
            "description": "Optional. Specify the type of lock."
          }
        }
      },
      "nullable": true
    },
    "roleAssignmentType": {
      "type": "array",
      "items": {
        "type": "object",
        "properties": {
          "roleDefinitionIdOrName": {
            "type": "string",
            "metadata": {
              "description": "Required. The role to assign. You can provide either the display name of the role definition, the role definition GUID, or its fully qualified ID in the following format: '/providers/Microsoft.Authorization/roleDefinitions/c2f4ef07-c644-48eb-af81-4b1b4947fb11'."
            }
          },
          "principalId": {
            "type": "string",
            "metadata": {
              "description": "Required. The principal ID of the principal (user/group/identity) to assign the role to."
            }
          },
          "principalType": {
            "type": "string",
            "allowedValues": [
              "Device",
              "ForeignGroup",
              "Group",
              "ServicePrincipal",
              "User"
            ],
            "nullable": true,
            "metadata": {
              "description": "Optional. The principal type of the assigned principal ID."
            }
          },
          "description": {
            "type": "string",
            "nullable": true,
            "metadata": {
              "description": "Optional. The description of the role assignment."
            }
          },
          "condition": {
            "type": "string",
            "nullable": true,
            "metadata": {
              "description": "Optional. The conditions on the role assignment. This limits the resources it can be assigned to. e.g.: @Resource[Microsoft.Storage/storageAccounts/blobServices/containers:ContainerName] StringEqualsIgnoreCase \"foo_storage_container\""
            }
          },
          "conditionVersion": {
            "type": "string",
            "allowedValues": [
              "2.0"
            ],
            "nullable": true,
            "metadata": {
              "description": "Optional. Version of the condition."
            }
          },
          "delegatedManagedIdentityResourceId": {
            "type": "string",
            "nullable": true,
            "metadata": {
              "description": "Optional. The Resource Id of the delegated managed identity resource."
            }
          }
        }
      },
      "nullable": true
    }
  },
  "parameters": {
    "name": {
      "type": "string",
      "metadata": {
        "description": "Required. Name of the Container Apps Managed Environment."
      }
    },
    "logAnalyticsWorkspaceResourceId": {
      "type": "string",
      "metadata": {
        "description": "Required. Existing Log Analytics Workspace resource ID. Note: This value is not required as per the resource type. However, not providing it currently causes an issue that is tracked [here](https://github.com/Azure/bicep/issues/9990)."
      }
    },
    "location": {
      "type": "string",
      "defaultValue": "[resourceGroup().location]",
      "metadata": {
        "description": "Optional. Location for all Resources."
      }
    },
    "tags": {
      "type": "object",
      "nullable": true,
      "metadata": {
        "description": "Optional. Tags of the resource."
      }
    },
    "roleAssignments": {
      "$ref": "#/definitions/roleAssignmentType",
      "metadata": {
        "description": "Optional. Array of role assignments to create."
      }
    },
    "logsDestination": {
      "type": "string",
      "defaultValue": "log-analytics",
      "metadata": {
        "description": "Optional. Logs destination."
      }
    },
    "enableDefaultTelemetry": {
      "type": "bool",
      "metadata": {
        "description": "Optional. Enable telemetry via a Globally Unique Identifier (GUID)."
      }
    },
    "daprAIConnectionString": {
      "type": "securestring",
      "defaultValue": "",
      "metadata": {
        "description": "Optional. Application Insights connection string used by Dapr to export Service to Service communication telemetry."
      }
    },
    "daprAIInstrumentationKey": {
      "type": "securestring",
      "defaultValue": "",
      "metadata": {
        "description": "Optional. Azure Monitor instrumentation key used by Dapr to export Service to Service communication telemetry."
      }
    },
    "dockerBridgeCidr": {
      "type": "string",
      "defaultValue": "",
      "metadata": {
        "description": "Optional. CIDR notation IP range assigned to the Docker bridge, network. It must not overlap with any other provided IP ranges and can only be used when the environment is deployed into a virtual network. If not provided, it will be set with a default value by the platform."
      }
    },
    "infrastructureSubnetId": {
      "type": "string",
      "defaultValue": "",
      "metadata": {
        "description": "Conditional. Resource ID of a subnet for infrastructure components. This is used to deploy the environment into a virtual network. Must not overlap with any other provided IP ranges. Required if \"internal\" is set to true."
      }
    },
    "internal": {
      "type": "bool",
      "defaultValue": false,
      "metadata": {
        "description": "Optional. Boolean indicating the environment only has an internal load balancer. These environments do not have a public static IP resource. If set to true, then \"infrastructureSubnetId\" must be provided."
      }
    },
    "platformReservedCidr": {
      "type": "string",
      "defaultValue": "",
      "metadata": {
        "description": "Optional. IP range in CIDR notation that can be reserved for environment infrastructure IP addresses. It must not overlap with any other provided IP ranges and can only be used when the environment is deployed into a virtual network. If not provided, it will be set with a default value by the platform."
      }
    },
    "platformReservedDnsIP": {
      "type": "string",
      "defaultValue": "",
      "metadata": {
        "description": "Optional. An IP address from the IP range defined by \"platformReservedCidr\" that will be reserved for the internal DNS server. It must not be the first address in the range and can only be used when the environment is deployed into a virtual network. If not provided, it will be set with a default value by the platform."
      }
    },
    "zoneRedundant": {
      "type": "bool",
      "defaultValue": false,
      "metadata": {
        "description": "Optional. Whether or not this Managed Environment is zone-redundant."
      }
    },
    "certificatePassword": {
      "type": "securestring",
      "defaultValue": "",
      "metadata": {
        "description": "Optional. Password of the certificate used by the custom domain."
      }
    },
    "certificateValue": {
      "type": "securestring",
      "defaultValue": "",
      "metadata": {
        "description": "Optional. Certificate to use for the custom domain. PFX or PEM."
      }
    },
    "dnsSuffix": {
      "type": "string",
      "defaultValue": "",
      "metadata": {
        "description": "Optional. DNS suffix for the environment domain."
      }
    },
    "lock": {
      "$ref": "#/definitions/lockType",
      "metadata": {
        "description": "Optional. The lock settings of the service."
      }
    },
    "workloadProfiles": {
      "type": "array",
      "defaultValue": [],
      "metadata": {
        "description": "Optional. Workload profiles configured for the Managed Environment."
      }
    },
    "infrastructureResourceGroupName": {
      "type": "string",
      "defaultValue": "[take(format('ME_{0}', parameters('name')), 63)]",
      "metadata": {
        "description": "Optional. Name of the infrastructure resource group. If not provided, it will be set with a default value."
      }
    }
  },
  "variables": {
    "builtInRoleNames": {
      "Contributor": "[subscriptionResourceId('Microsoft.Authorization/roleDefinitions', 'b24988ac-6180-42a0-ab88-20f7382dd24c')]",
      "Owner": "[subscriptionResourceId('Microsoft.Authorization/roleDefinitions', '8e3af657-a8ff-443c-a75c-2fe8c4bcb635')]",
      "Reader": "[subscriptionResourceId('Microsoft.Authorization/roleDefinitions', 'acdd72a7-3385-48ef-bd42-f606fba81ae7')]",
      "Role Based Access Control Administrator (Preview)": "[subscriptionResourceId('Microsoft.Authorization/roleDefinitions', 'f58310d9-a9f6-439a-9e8d-f62e7b41a168')]",
      "User Access Administrator": "[subscriptionResourceId('Microsoft.Authorization/roleDefinitions', '18d7d88d-d35e-4fb5-a5c3-7773c20a72d9')]"
    }
  },
  "resources": {
    "defaultTelemetry": {
      "condition": "[parameters('enableDefaultTelemetry')]",
      "type": "Microsoft.Resources/deployments",
      "apiVersion": "2022-09-01",
      "name": "[format('pid-47ed15a6-730a-4827-bcb4-0fd963ffbd82-{0}', uniqueString(deployment().name, parameters('location')))]",
      "properties": {
        "mode": "Incremental",
        "template": {
          "$schema": "https://schema.management.azure.com/schemas/2019-04-01/deploymentTemplate.json#",
          "contentVersion": "1.0.0.0",
          "resources": []
        }
      }
    },
    "logAnalyticsWorkspace": {
      "condition": "[not(empty(parameters('logAnalyticsWorkspaceResourceId')))]",
      "existing": true,
      "type": "Microsoft.OperationalInsights/workspaces",
      "apiVersion": "2021-06-01",
      "subscriptionId": "[split(parameters('logAnalyticsWorkspaceResourceId'), '/')[2]]",
      "resourceGroup": "[split(parameters('logAnalyticsWorkspaceResourceId'), '/')[4]]",
      "name": "[last(split(parameters('logAnalyticsWorkspaceResourceId'), '/'))]"
    },
    "managedEnvironment": {
      "type": "Microsoft.App/managedEnvironments",
      "apiVersion": "2023-05-01",
      "name": "[parameters('name')]",
      "location": "[parameters('location')]",
      "tags": "[parameters('tags')]",
      "properties": {
        "appLogsConfiguration": {
          "destination": "[parameters('logsDestination')]",
          "logAnalyticsConfiguration": {
            "customerId": "[reference('logAnalyticsWorkspace').customerId]",
            "sharedKey": "[listKeys(extensionResourceId(format('/subscriptions/{0}/resourceGroups/{1}', split(parameters('logAnalyticsWorkspaceResourceId'), '/')[2], split(parameters('logAnalyticsWorkspaceResourceId'), '/')[4]), 'Microsoft.OperationalInsights/workspaces', last(split(parameters('logAnalyticsWorkspaceResourceId'), '/'))), '2021-06-01').primarySharedKey]"
          }
        },
        "daprAIConnectionString": "[parameters('daprAIConnectionString')]",
        "daprAIInstrumentationKey": "[parameters('daprAIInstrumentationKey')]",
        "customDomainConfiguration": {
          "certificatePassword": "[parameters('certificatePassword')]",
          "certificateValue": "[if(not(empty(parameters('certificateValue'))), parameters('certificateValue'), null())]",
          "dnsSuffix": "[parameters('dnsSuffix')]"
        },
        "vnetConfiguration": {
          "internal": "[parameters('internal')]",
          "infrastructureSubnetId": "[if(not(empty(parameters('infrastructureSubnetId'))), parameters('infrastructureSubnetId'), null())]",
          "dockerBridgeCidr": "[if(not(empty(parameters('infrastructureSubnetId'))), parameters('dockerBridgeCidr'), null())]",
          "platformReservedCidr": "[if(and(empty(parameters('workloadProfiles')), not(empty(parameters('infrastructureSubnetId')))), parameters('platformReservedCidr'), null())]",
          "platformReservedDnsIP": "[if(and(empty(parameters('workloadProfiles')), not(empty(parameters('infrastructureSubnetId')))), parameters('platformReservedDnsIP'), null())]"
        },
        "workloadProfiles": "[if(not(empty(parameters('workloadProfiles'))), parameters('workloadProfiles'), null())]",
        "zoneRedundant": "[parameters('zoneRedundant')]",
        "infrastructureResourceGroup": "[parameters('infrastructureResourceGroupName')]"
      },
      "dependsOn": [
        "logAnalyticsWorkspace"
      ]
    },
    "managedEnvironment_roleAssignments": {
      "copy": {
        "name": "managedEnvironment_roleAssignments",
        "count": "[length(coalesce(parameters('roleAssignments'), createArray()))]"
      },
      "type": "Microsoft.Authorization/roleAssignments",
      "apiVersion": "2022-04-01",
      "scope": "[format('Microsoft.App/managedEnvironments/{0}', parameters('name'))]",
      "name": "[guid(resourceId('Microsoft.App/managedEnvironments', parameters('name')), coalesce(parameters('roleAssignments'), createArray())[copyIndex()].principalId, coalesce(parameters('roleAssignments'), createArray())[copyIndex()].roleDefinitionIdOrName)]",
      "properties": {
        "roleDefinitionId": "[if(contains(variables('builtInRoleNames'), coalesce(parameters('roleAssignments'), createArray())[copyIndex()].roleDefinitionIdOrName), variables('builtInRoleNames')[coalesce(parameters('roleAssignments'), createArray())[copyIndex()].roleDefinitionIdOrName], if(contains(coalesce(parameters('roleAssignments'), createArray())[copyIndex()].roleDefinitionIdOrName, '/providers/Microsoft.Authorization/roleDefinitions/'), coalesce(parameters('roleAssignments'), createArray())[copyIndex()].roleDefinitionIdOrName, subscriptionResourceId('Microsoft.Authorization/roleDefinitions', coalesce(parameters('roleAssignments'), createArray())[copyIndex()].roleDefinitionIdOrName)))]",
        "principalId": "[coalesce(parameters('roleAssignments'), createArray())[copyIndex()].principalId]",
        "description": "[tryGet(coalesce(parameters('roleAssignments'), createArray())[copyIndex()], 'description')]",
        "principalType": "[tryGet(coalesce(parameters('roleAssignments'), createArray())[copyIndex()], 'principalType')]",
        "condition": "[tryGet(coalesce(parameters('roleAssignments'), createArray())[copyIndex()], 'condition')]",
        "conditionVersion": "[if(not(empty(tryGet(coalesce(parameters('roleAssignments'), createArray())[copyIndex()], 'condition'))), coalesce(tryGet(coalesce(parameters('roleAssignments'), createArray())[copyIndex()], 'conditionVersion'), '2.0'), null())]",
        "delegatedManagedIdentityResourceId": "[tryGet(coalesce(parameters('roleAssignments'), createArray())[copyIndex()], 'delegatedManagedIdentityResourceId')]"
      },
      "dependsOn": [
        "managedEnvironment"
      ]
    },
    "managedEnvironment_lock": {
      "condition": "[and(not(empty(coalesce(parameters('lock'), createObject()))), not(equals(tryGet(parameters('lock'), 'kind'), 'None')))]",
      "type": "Microsoft.Authorization/locks",
      "apiVersion": "2020-05-01",
      "scope": "[format('Microsoft.App/managedEnvironments/{0}', parameters('name'))]",
      "name": "[coalesce(tryGet(parameters('lock'), 'name'), format('lock-{0}', parameters('name')))]",
      "properties": {
        "level": "[coalesce(tryGet(parameters('lock'), 'kind'), '')]",
        "notes": "[if(equals(tryGet(parameters('lock'), 'kind'), 'CanNotDelete'), 'Cannot delete resource or child resources.', 'Cannot delete or modify the resource or child resources.')]"
      },
      "dependsOn": [
        "managedEnvironment"
      ]
    }
  },
  "outputs": {
    "resourceGroupName": {
      "type": "string",
      "metadata": {
        "description": "The name of the resource group the Managed Environment was deployed into."
      },
      "value": "[resourceGroup().name]"
    },
    "location": {
      "type": "string",
      "metadata": {
        "description": "The location the resource was deployed into."
      },
      "value": "[reference('managedEnvironment', '2023-05-01', 'full').location]"
    },
    "name": {
      "type": "string",
      "metadata": {
        "description": "The name of the Managed Environment."
      },
      "value": "[parameters('name')]"
    },
    "resourceId": {
      "type": "string",
      "metadata": {
        "description": "The resource ID of the Managed Environment."
      },
      "value": "[resourceId('Microsoft.App/managedEnvironments', parameters('name'))]"
    },
    "defaultDomain": {
      "type": "string",
      "metadata": {
        "description": "The Default domain of the Managed Environment."
      },
      "value": "[reference('managedEnvironment').defaultDomain]"
    }
  }
}